of	von
to	zu
in	im
for	zum
is	ist
on	auf
that	Das
by	durch
this	Dies
with	mit
i	ich
you	Sie
it	es
or	oder
be	Sein
are	sind
at	beim
all	alle
have	haben
new	Neu
we	wir
will	werden
home	Zuhause
us	uns
about	Über
if	ob
page	Seite
my	meine
has	hat
search	Suche
free	frei
but	aber
our	unser
one	ein
other	andere
do	machen
information	Information
time	Zeit
he	er
which	welche
their	ihr
news	Nachrichten
use	benutzen
there	Dort
see	sehen
so	damit
who	Wer
web	Netz
also	ebenfalls
get	bekommen
pm	pm
view	Aussicht
c	c
e	e
first	zuerst
been	gewesen
would	würde
were	wurden
s	s
like	mögen
x	x
than	als
find	finden
price	Preis
back	zurück
top	oben
people	Menschen
had	hätten
list	Liste
name	Name
just	gerade
year	Jahr
day	Tag
into	in
two	zwei
health	Gesundheit
n	n
re	Re
used	benutzt
go	gehen
b	b
last	letzte
make	machen
them	Sie
should	sollte
product	Produkt
system	System
post	Post
her	ihr
city	Stadt
t	t
policy	Politik
number	Nummer
support	Unterstützung
message	Botschaft
after	nach
then	dann
jan	Januar
good	gut
d	d
where	woher
info	Info
rights	Rechte
books	Bücher
high	hoch
school	Schule
m	m
each	jeder
links	Links
she	sie
years	Jahre
order	Auftrag
very	sehr
book	Buch
items	Artikel
company	Unternehmen
r	r
read	lesen
group	Gruppe
sex	Sex
many	viele
user	Benutzer
de	de
set	einstellen
general	Allgemeines
research	Forschung
university	Universität
january	Januar
mail	Post
full	voll
reviews	Bewertungen
program	Programm
know	kennt
games	Spiele
way	Weg
days	Tage
p	p
part	Teil
could	könnte
great	groß
united	vereinigt
real	echt
f	f
international	International
center	Center
travel	Reise
comments	Bemerkungen
made	gemacht
development	Entwicklung
report	Bericht
member	Mitglied
details	Einzelheiten
line	Linie
terms	Bedingungen
before	Vor
hotels	Hotels
did	tat
send	senden
right	Recht
type	Art
local	lokal
those	jene
results	Ergebnisse
office	Büro
national	National
car	Auto
design	Design
take	nehmen
posted	Gesendet
address	Adresse
community	Gemeinschaft
within	innerhalb
states	Zustände
want	wollen
phone	Telefon
dvd	DVD
subject	Gegenstand
between	zwischen
forum	Forum
family	Familie
l	l
long	lange
w	w
show	Show
o	O
even	sogar
black	schwarz
special	Besondere
index	Index
being	Sein
women	Frau
much	viel
sign	Schild
file	Datei
link	Verknüpfung
open	öffnen
south	Süd
case	Fall
project	Projekt
pages	Seiten
version	Ausführung
section	Sektion
own	besitzen
house	Haus
security	Sicherheit
g	G
county	Bezirk
american	amerikanisch
photo	Foto
game	Spiel
members	Mitglieder
power	Leistung
network	Netzwerk
computer	Computer
systems	Systeme
three	drei
place	Ort
end	Ende
h	h
him	ihm
per	pro
access	Zugriff
think	denken
north	Norden
resources	Ressourcen
current	Strom
big	groß
media	Medien
law	Recht
control	Steuerung
water	Wasser
history	Geschichte
size	Größe
personal	persönlich
guide	führen
shop	Geschäft
directory	Verzeichnis
change	Veränderung
white	Weiß
text	Text
small	klein
rating	Wertung
rate	Bewertung
government	Regierung
children	Kinder
return	Rückkehr
students	Studenten
v	v
account	Konto
times	mal
level	Niveau
digital	Digital
profile	Profil
previous	Bisherige
form	bilden
events	Veranstaltungen
love	Liebe
old	alt
john	John
main	Main
call	Anruf
image	Bild
department	Abteilung
title	Titel
non	nicht
k	k
y	y
insurance	Versicherung
shall	soll
property	Eigentum
class	Klasse
cd	CD
quality	Qualität
every	jeden
listing	Auflistung
content	Inhalt
country	Land
little	wenig
tools	Werkzeuge
low	niedrig
reply	Antworten
customer	Kunde
december	Dezember
compare	vergleichen
movies	Filme
college	Hochschule
value	Wert
article	Artikel
man	Mann
jobs	Arbeitsplätze
j	j
food	Lebensmittel
author	Autor
different	anders
u	u
learn	lernen
sale	Verkauf
print	drucken
course	Kurs
job	Job
room	Zimmer
stock	Stock
training	Ausbildung
too	auch
credit	Kredit
point	Punkt
science	Wissenschaft
men	Männer
categories	Kategorien
west	Westen
look	aussehen
english	Englisch
team	Mannschaft
estate	Gut
box	Box
conditions	Bedingungen
photos	Fotos
gay	Fröhlich
thread	Faden
category	Kategorie
note	Hinweis
live	Leben
large	groß
gallery	Galerie
table	Tabelle
however	jedoch
june	Juni
october	Oktober
november	November
market	Markt
library	Bibliothek
action	Aktion
start	Anfang
series	Serie
features	Eigenschaften
air	Luft
industry	Industrie
plan	planen
human	Mensch
yes	Ja
second	zweite
hot	heiß
cost	Kosten
movie	Film
forums	Foren
march	März
la	la
september	September
say	sagen
going	gehen
medical	medizinisch
friend	Freund
dec	Dezember
server	Server
application	Anwendung
staff	Mitarbeiter
play	abspielen
issues	Probleme
april	April
users	Benutzer
street	Straße
topic	Thema
against	gegen
got	bekam
blog	Blog
party	Party
payment	Zahlung
equipment	Ausrüstung
let	Lassen
programs	Programme
legal	legal
recent	kürzlich
park	Park
act	Handlung
problem	Problem
red	rot
give	geben
memory	Erinnerung
performance	Performance
social	Sozial
q	q
story	Geschichte
sell	verkaufen
options	Optionen
experience	Erfahrung
key	Schlüssel
body	Karosserie
young	jung
important	wichtig
field	Feld
few	wenige
east	Osten
single	Single
ii	ii
age	Alter
club	Verein
example	Beispiel
girls	Mädchen
z	z
road	Straße
gift	Geschenk
question	Frage
ca	ca
hard	hart
pay	Zahlen
four	vier
poker	Poker
issue	Problem
range	Angebot
building	Gebäude
seller	Verkäufer
court	Gericht
february	Februar
result	Ergebnis
light	Licht
write	schreiben
war	Krieg
offer	Angebot
blue	Blau
groups	Gruppen
al	al
easy	einfach
given	gegeben
request	anfordern
fax	Fax
china	China
making	Herstellung
picture	Bild
needs	Bedürfnisse
possible	möglich
month	Monat
major	Haupt
star	Star
future	Zukunft
space	Raum
committee	Ausschuss
hand	Hand
sun	Sonne
cards	Karten
london	London
meeting	Treffen
become	werden
child	Kind
keep	behalten
porn	Porno
share	Aktie
similar	ähnlich
garden	Garten
schools	Schulen
million	Million
added	hinzugefügt
reference	Referenz
companies	Firmen
baby	Baby
learning	Lernen
energy	Energie
run	Lauf
delivery	Lieferung
popular	Beliebt
term	Begriff
film	Film
stories	Geschichten
put	stellen
journal	Tagebuch
reports	Berichte
co	co
try	Versuchen
images	Bilder
notice	beachten
god	Gott
original	Original
head	Kopf
radio	Radio
cell	Zelle
council	Rat
includes	enthält
track	Spur
discussion	Diskussion
archive	Archiv
others	Andere
agreement	Zustimmung
format	Format
society	Gesellschaft
months	Monate
safety	Sicherheit
friends	Freunde
sure	sicher
edition	Auflage
messages	Mitteilungen
marketing	Marketing
tell	sagen
association	Verband
provides	bietet
fun	Spaß
already	bereits
green	Grün
studies	Studien
close	schließen
common	verbreitet
specific	Spezifisch
several	mehrere
living	Leben
collection	Sammlung
called	namens
short	kurz
arts	Kunst
lot	Menge
ask	Fragen
limited	begrenzt
solutions	Lösungen
director	Direktor
beach	Strand
past	Vergangenheit
natural	natürlich
electronics	Elektronik
upon	auf
period	Zeitraum
planning	Planung
says	sagt
official	offiziell
mar	beschädigen
done	erledigt
technical	technisch
window	Fenster
pro	Profi
region	Region
island	Insel
record	Aufzeichnung
direct	Direkte
conference	Konferenz
records	Aufzeichnungen
st	st
district	Kreis
calendar	Kalender
costs	Kosten
style	Stil
statement	Erklärung
miles	Meilen
resource	Ressource
applications	Anwendungen
document	Dokument
word	Wort
works	Werk
material	Material
bill	Rechnung
written	geschrieben
rules	Regeln
final	Finale
thing	Ding
centre	Center
requirements	Anforderungen
TRUE	WAHR
minutes	Protokoll
else	sonst
mark	Kennzeichen
rock	Rock
bad	Schlecht
individual	Individuell
plus	Plus
auto	Auto
cover	Abdeckung
edit	bearbeiten
together	zusammen
videos	Videos
fast	schnell
function	Funktion
fact	Tatsache
getting	bekommen
global	global
tech	Technik
meet	Treffen
far	weit
economic	wirtschaftlich
en	en
player	Spieler
projects	Projekte
amount	Menge
watch	Uhr
included	inbegriffen
feel	Gefühl
bank	Bank
risk	Risiko
deals	Angebote
various	verschiedene
words	Wörter
production	Produktion
commercial	kommerziell
weight	Gewicht
heart	Herz
treatment	Behandlung
points	Punkte
knowledge	Wissen
magazine	Zeitschrift
error	Error
camera	Kamera
girl	Mädchen
construction	Konstruktion
toys	Spielzeuge
registered	Eingetragen
domain	Domain
methods	Methoden
chapter	Kapitel
protection	Schutz
policies	Politik
wide	breit
beauty	Schönheit
manager	Manager
india	Indien
position	Position
taken	genommen
sort	Sortieren
listings	Inserate
known	bekannt
half	Hälfte
cases	Fälle
step	Schritt
engineering	Ingenieurwesen
simple	einfach
quick	schnell
license	Lizenz
lake	See
whole	ganze
annual	jährlich
published	veröffentlicht
church	Kirche
method	Methode
active	aktiv
response	Antwort
figure	Zahl
materials	Materialien
enough	genug
designed	entworfen
among	unter
death	Tod
loss	Verlust
face	Gesicht
brand	Marke
discount	Rabatt
effects	Auswirkungen
created	erstellt
standards	Normen
bit	Bit
political	politisch
kingdom	Königreich
base	Base
doing	tun
loans	Darlehen
shoes	Schuhe
entry	Eintrag
stay	bleibe
orders	Aufträge
availability	Verfügbarkeit
summary	Zusammenfassung
turn	Wende
growth	Wachstum
agency	Agentur
king	König
european	europäisch
activity	Aktivität
copy	Kopieren
western	Western
force	Macht
employment	Beschäftigung
bay	Bucht
river	Fluss
commission	Kommission
package	Paket
seen	gesehen
players	Spieler
engine	Motor
port	Hafen
album	Album
regional	regional
stop	halt
started	gestartet
administration	Verwaltung
bar	Bar
institute	Institut
views	Ansichten
double	doppelt
dog	Hund
soon	bald
lines	Linien
electronic	elektronisch
benefits	Leistungen
needed	erforderlich
printer	Drucker
condition	Bedingung
effective	Wirksam
believe	glauben
organization	Organisation
effect	bewirken
mind	Verstand
selection	Auswahl
casino	Kasino
pdf	pdf
tour	Tour
cross	Kreuz
hope	Hoffnung
corporation	Konzern
wish	Wunsch
solution	Lösung
mature	reifen
role	Rolle
weeks	Wochen
certain	sicher
lower	niedriger
necessary	notwendig
union	Union
mon	mon
com	com
particular	besonders
fine	fein
hour	Stunde
gas	Gas
skills	Kompetenzen
six	sechs
bush	Buchse
islands	Inseln
advice	Rat
career	Werdegang
decision	Entscheidung
leave	verlassen
pre	Vor
huge	enorm
woman	Frau
facilities	Anlagen
bid	bieten
middle	Mitte
cable	Kabel
opportunities	Chancen
taking	Einnahme
values	Werte
division	Aufteilung
coming	Kommen
object	Objekt
lesbian	lesbisch
appropriate	angemessen
machine	Maschine
logo	Logo
length	Länge
nice	nett
score	Ergebnis
statistics	Statistiken
client	Klient
sample	Probe
investment	Investition
sent	geschickt
shown	gezeigt
christmas	Weihnachten
culture	Kultur
flash	Blitz
ms	Frau
choice	Wahl
courses	Kurse
consumer	Verbraucher
hi	Hallo
foreign	fremd
artist	Künstler
furniture	Möbel
channel	Kanal
letter	Brief
mode	Modus
phones	Telefone
ideas	Ideen
structure	Struktur
degree	Grad
contract	Vertrag
super	Super
male	männlich
matter	Angelegenheit
almost	fast
located	gelegen
multiple	mehrere
distribution	Verteilung
editor	Editor
inn	Gasthaus
industrial	industriell
potential	Potenzial
song	Lied
los	los
fall	fallen
idea	Idee
rooms	Räume
communications	Kommunikations
win	Sieg
primary	primär
cancer	Krebs
numbers	Zahlen
reason	Grund
tool	Werkzeug
spring	Frühling
foundation	Stiftung
answer	Antworten
voice	Stimme
schedule	Zeitplan
documents	Unterlagen
purpose	Zweck
feature	Feature
bed	Bett
comes	kommt
police	Polizei
independent	unabhängig
approach	Ansatz
brown	braun
physical	physikalisch
hill	Hügel
maps	Karten
hold	halt
ratings	Bewertungen
happy	glücklich
smith	Schmied
developed	entwickelt
thank	danken
safe	sicher
unique	einzigartig
survey	Umfrage
prior	vor
telephone	Telefon
sport	Sport
ready	bereit
animal	Tier
sources	Quellen
population	Population
pa	pa
regular	regulär
secure	sichern
operations	Geschäftstätigkeit
simply	einfach
evidence	Beweis
station	Bahnhof
understand	verstehen
option	Möglichkeit
valley	Tal
probably	wahrscheinlich
sea	Meer
publications	Publikationen
improve	verbessern
connection	Verbindung
publisher	Herausgeber
hall	Halle
anti	Anti
networks	Netzwerke
earth	Erde
parents	Eltern
impact	Auswirkung
transfer	Transfer
introduction	Einführung
kitchen	Küche
strong	stark
wedding	Hochzeit
properties	Eigenschaften
hospital	Krankenhaus
ground	Boden
ship	Schiff
accommodation	Unterkunft
disease	Krankheit
excellent	Ausgezeichnet
perfect	perfekt
hair	Haar
opportunity	Gelegenheit
kit	Ausrüstung
classic	klassisch
basis	Basis
command	Befehl
cities	Städte
express	ausdrücken
award	vergeben
distance	Entfernung
tree	Baum
assessment	Bewertung
wall	Mauer
involved	beteiligt
el	el
extra	extra
especially	insbesondere
budget	Budget
guides	Führungen
success	Erfolg
maximum	maximal
ma	ma
operation	Betrieb
existing	bestehende
quite	ganz
selected	ausgewählt
boy	Junge
restaurants	Restaurants
beautiful	schön
warning	Warnung
locations	Standorte
horse	Pferd
vote	Abstimmung
flowers	Blumen
stars	Sterne
lists	Listen
owner	Inhaber
animals	Tiere
ways	Wege
son	Sohn
providing	Bereitstellen
rule	Regel
housing	Gehäuse
takes	nimmt
bring	bringen
catalog	Katalog
max	max
mother	Mutter
authority	Behörde
told	erzählte
programme	Programm
joined	beigetreten
input	Eingang
strategy	Strategie
feet	Füße
agent	Agent
valid	gültig
modern	modern
senior	Senior
sexy	sexy
teaching	Lehren
door	Tür
grand	großartig
trial	Versuch
units	Einheiten
cool	cool
normal	normal
enterprise	Unternehmen
ships	Schiffe
entire	ganz
positive	positiv
fitness	Fitness
chinese	Chinesisch
opinion	Meinung
football	Fußball
abstract	abstrakt
output	Ausgabe
funds	Mittel
mr	Herr
likely	wahrscheinlich
develop	entwickeln
artists	Künstler
alternative	Alternative
responsibility	Verantwortung
java	Java
guest	Gast
publication	Veröffentlichung
pass	bestehen
relations	Verhältnis
trust	Vertrauen
van	Transporter
contains	enthält
multi	Mehr
republic	Republik
fees	Gebühren
components	Komponenten
vacation	Ferien
century	Jahrhundert
academic	akademisch
assistance	Hilfe
completed	abgeschlossen
skin	Haut
graphics	Grafik
indian	indisch
ring	Ring
grade	Klasse
mountain	Berg
organizations	Organisationen
filter	Filter
panel	Platte
floor	Fußboden
buying	Kauf
match	Spiel
proposed	vorgeschlagen
require	benötigen
boys	Jungen
morning	Morgen
allows	erlaubt
protein	Eiweiß
plant	Pflanze
reported	berichtet
hit	schlagen
mm	Millimeter
pool	Schwimmbad
mini	Mini
politics	Politik
partner	Partner
authors	Autoren
boards	Bretter
fish	Fisch
membership	Mitgliedschaft
mission	Mission
eye	Auge
string	Schnur
sense	Sinn
modified	geändert
released	freigegeben
stage	Bühne
internal	intern
born	geboren
detailed	ausführlich
