of	di
to	a
in	in
for	per
is	è
on	sopra
that	quella
by	di
this	Questo
with	con
i	io
you	tu
it	esso
or	o
be	essere
are	siamo
at	a
all	tutti
have	avere
new	nuovo
we	noi
will	volere
home	casa
us	noi
about	di
if	Se
page	pagina
my	mio
has	ha
search	ricerca
free	gratuito
but	ma
our	nostro
one	uno
other	altro
do	fare
information	informazione
time	tempo
he	lui
which	quale
their	loro
news	notizia
use	uso
there	Là
see	vedere
so	così
who	chi
web	web
also	anche
get	ottenere
pm	pm
view	vista
c	c
e	e
first	primo
been	stato
would	voluto
were	erano
s	S
like	piace
x	X
than	di
find	trova
price	prezzo
back	indietro
top	superiore
people	persone
had	aveva
list	elenco
name	nome
just	appena
year	anno
day	giorno
into	in
two	Due
health	Salute
n	n
re	ri
used	Usato
go	partire
b	B
last	ultimo
make	rendere
them	loro
should	dovrebbero
product	Prodotto
system	sistema
post	inviare
her	sua
city	città
t	t
policy	politica
number	numero
support	supporto
message	Messaggio
after	dopo
then	poi
jan	gennaio
good	bene
d	d
where	dove
info	Informazioni
rights	diritti
books	libri
high	alto
school	scuola
m	m
each	ogni
links	link
she	lei
years	anni
order	ordine
very	molto
book	libro
items	elementi
company	azienda
r	r
read	leggere
group	gruppo
sex	sesso
many	molti
user	utente
de	de
set	impostato
general	generale
research	ricerca
university	Università
january	gennaio
mail	posta
full	pieno
reviews	recensioni
program	programma
know	conoscere
games	Giochi
way	modo
days	giorni
p	p
part	parte
could	poteva
great	grande
united	unito
real	vero
f	f
international	internazionale
center	centro
travel	viaggio
comments	Commenti
made	fatto
development	sviluppo
report	rapporto
member	membro
details	dettagli
line	linea
terms	condizioni
before	prima
hotels	alberghi
did	fatto
send	inviare
right	destra
type	genere
local	Locale
those	quelli
results	risultati
office	ufficio
national	nazionale
car	auto
design	design
take	prendere
posted	postato
address	indirizzo
community	Comunità
within	entro
states	stati
want	volere
phone	Telefono
dvd	DVD
subject	soggetto
between	fra
forum	Forum
family	famiglia
l	l
long	lungo
w	w
show	mostrare
o	o
even	anche
black	nero
special	speciale
index	indice
being	essere
women	donne
much	tanto
sign	cartello
file	file
link	collegamento
open	Aperto
south	Sud
case	Astuccio
project	progetto
pages	pagine
version	versione
section	sezione
own	proprio
house	Casa
security	sicurezza
g	g
county	contea
american	americano
photo	foto
game	gioco
members	membri
power	energia
network	Rete
computer	computer
systems	sistemi
three	tre
place	posto
end	fine
h	h
him	lui
per	per
access	accesso
think	pensare
north	nord
resources	risorse
current	attuale
big	grande
media	media
law	legge
control	controllo
water	acqua
history	storia
size	dimensione
personal	personale
guide	guida
shop	negozio
directory	elenco
change	modificare
white	bianca
text	testo
small	piccolo
rating	valutazione
rate	Vota
government	governo
children	bambini
return	ritorno
students	studenti
v	v
account	account
times	volte
level	livello
digital	digitale
profile	profilo
previous	precedente
form	modulo
events	eventi
love	amore
old	vecchio
john	John
main	principale
call	chiamata
image	Immagine
department	Dipartimento
title	titolo
non	non
k	K
y	y
insurance	assicurazione
shall	deve
property	proprietà
class	classe
cd	CD
quality	qualità
every	ogni
listing	listato
content	soddisfare
country	nazione
little	piccolo
tools	utensili
low	Basso
reply	rispondere
customer	cliente
december	dicembre
compare	confrontare
movies	film
college	Università
value	valore
article	articolo
man	uomo
jobs	lavori
j	j
food	cibo
author	autore
different	diverso
u	u
learn	imparare
sale	saldi
print	stampare
course	corso
job	lavoro
room	camera
stock	azione
training	formazione
too	pure
credit	credito
point	punto
science	scienza
men	uomini
categories	categorie
west	ovest
look	Guarda
english	Inglese
team	squadra
estate	tenuta
box	scatola
conditions	condizioni
photos	fotografie
gay	gay
thread	filo
category	categoria
note	Nota
live	vivere
large	grande
gallery	galleria
table	tavolo
however	però
june	giugno
october	ottobre
november	novembre
market	mercato
library	biblioteca
action	azione
start	inizio
series	serie
features	Caratteristiche
air	aria
industry	industria
plan	Piano
human	umano
yes	sì
second	secondo
hot	caldo
cost	costo
movie	film
forums	forum
march	marzo
la	la
september	settembre
say	dire
going	andando
medical	medico
friend	amico
dec	dicembre
server	server
application	applicazione
staff	personale
play	giocare
issues	problemi
april	aprile
users	utenti
street	strada
topic	argomento
against	contro
got	avuto
blog	blog
party	festa
payment	pagamento
equipment	attrezzatura
let	permettere
programs	programmi
legal	legale
recent	recente
park	parco
act	atto
problem	problema
red	rosso
give	dare
memory	memoria
performance	prestazione
social	sociale
q	q
story	storia
sell	vendere
options	opzioni
experience	Esperienza
key	chiave
body	corpo
young	giovane
important	importante
field	campo
few	pochi
east	est
single	singolo
ii	ii
age	età
club	club
example	esempio
girls	ragazze
z	z
road	strada
gift	regalo
question	domanda
ca	circa
hard	difficile
pay	pagare
four	quattro
poker	poker
issue	problema
range	gamma
building	costruzione
seller	venditore
court	Tribunale
february	febbraio
result	risultato
light	leggero
write	Scrivi
war	guerra
offer	offrire
blue	blu
groups	gruppi
al	al
easy	facile
given	dato
request	richiesta
fax	fax
china	Cina
making	fabbricazione
picture	immagine
needs	esigenze
possible	possibile
month	mese
major	maggiore
star	stella
future	futuro
space	spazio
committee	Comitato
hand	mano
sun	sole
cards	carte
london	Londra
meeting	incontro
become	diventare
child	bambino
keep	conservare
porn	porno
share	Condividere
similar	simile
garden	giardino
schools	scuole
million	milione
added	aggiunto
reference	riferimento
companies	aziende
baby	bambino
learning	apprendimento
energy	energia
run	correre
delivery	consegna
popular	popolare
term	termine
film	film
stories	storie
put	mettere
journal	rivista
reports	rapporti
co	co
try	provare
images	immagini
notice	Avviso
god	Dio
original	originale
head	capo
radio	Radio
cell	cellula
council	consiglio
includes	include
track	traccia
discussion	discussione
archive	archivio
others	altri
agreement	accordo
format	formato
society	società
months	mesi
safety	sicurezza
friends	amici
sure	sicuro
edition	edizione
messages	messaggi
marketing	marketing
tell	raccontare
association	associazione
provides	fornisce
fun	divertimento
already	già
green	verde
studies	studi
close	vicino
common	Comune
specific	specifica
