of	arasında
to	için
in	içinde
for	için
is	olduğu
on	üzerinde
that	o
by	tarafından
this	bu
with	ile
i	ben
you	sen
it	o
or	veya
be	olmak
are	Hangi
at	en
all	herşey
have	var
new	yeni
we	Biz
will	irade
home	ev
us	bize
about	hakkında
if	Eğer
page	sayfa
my	benim
has	vardır
search	arama
free	ücretsiz
but	fakat
our	bizim
one	bir
other	diğer
do	yap
information	bilgi
time	zaman
he	o
which	hangi
their	onların
news	haber
use	kullanım
there	Orada
see	görmek
so	yani
who	kim
web	ağ
also	Ayrıca
get	almak
pm	pm
view	görünüm
c	c
e	e
first	ilk
been	olmuştur
would	olur
were	idi
s	s
like	sevmek
x	x
than	göre
find	bulmak
price	fiyat
back	geri
top	üst
people	insanlar
had	vardı
list	liste
name	isim
just	sadece
year	yıl
day	gün
into	içine
two	iki
health	sağlık
n	n
re	yeniden
used	Kullanılmış
go	gitmek
b	b
last	son
make	Yapmak
them	onları
should	meli
product	ürün
system	sistem
post	posta
her	ona
city	Kent
t	t
policy	politika
number	numara
support	destek
message	mesaj
after	sonra
then	sonra
jan	Ocak
good	iyi
d	d
where	nerede
info	bilgi
rights	haklar
books	kitaplar
high	yüksek
school	okul
m	m
each	her
links	bağlantılar
she	o
years	yıl
order	sipariş
very	çok
book	kitap
items	ürün
company	şirket
r	r
read	okumak
group	grup
sex	seks
many	çok
user	kullanıcı
de	de
set	set
general	genel
research	Araştırma
university	Üniversite
january	Ocak
mail	posta
full	tam
reviews	yorumlar
program	program
know	bilmek
games	oyunlar
way	yol
days	günler
p	p
part	Bölüm
could	could
great	harika
united	birleşmiş
real	gerçek
f	f
international	Uluslararası
center	merkez
travel	seyahat
comments	yorumlar
made	yapılmış
development	gelişme
report	rapor
member	üye
details	ayrıntılar
line	hat
terms	şartlar
before	önce
hotels	oteller
did	did
send	göndermek
right	sağ
type	tip
local	yerel
those	bu
results	Sonuçlar
office	ofis
national	Ulusal
car	araba
design	dizayn
take	almak
posted	gönderildi
address	adres
community	topluluk
within	içinde
states	devletler
want	istemek
phone	telefon
dvd	DVD
subject	konu
between	arasında
forum	forum
family	aile
l	l
long	uzun
w	w
show	göstermek
o	O
even	Üstelik
black	siyah
special	özel
index	indeks
being	olmak
women	KADIN
much	çok
sign	işaret
file	dosya
link	bağlantı
open	açık
south	güney
case	dava
project	proje
pages	sayfalar
version	versiyon
section	Bölüm
own	kendi
house	ev
security	güvenlik
g	g
county	kontluk
american	Amerikan
photo	Fotoğraf
game	oyun
members	üyeler
power	güç
network	ağ
computer	bilgisayar
systems	sistemler
three	üç
place	yer
end	son
h	h
him	onu
per	başına
access	erişim
think	düşünmek
north	kuzeyinde
resources	kaynaklar
current	şimdiki
big	büyük
media	medya
law	kanun
control	kontrol
water	Su
history	Tarihçe
size	boyut
personal	kişisel
guide	kılavuz
shop	Dükkan
directory	rehber
change	değişiklik
white	beyaz
text	Metin
small	küçük
rating	değerlendirme
rate	oran
government	hükümet
children	çocuklar
return	dönüş
students	öğrencilerin
v	v
account	hesap
times	zamanlar
level	seviye
digital	dijital
profile	profil
previous	önceki
form	form
events	olaylar
love	Aşk
old	eski
john	John
main	ana
call	aramak
image	görüntü
department	Bölüm
title	Başlık
non	olmayan
k	k
y	y
insurance	sigorta
shall	acak
property	özellik
class	sınıf
cd	CD
quality	kalite
every	her
listing	listeleme
content	içerik
country	ülke
little	küçük
tools	araçlar
low	düşük
reply	cevap
customer	müşteri
december	Aralık
compare	karşılaştırmak
movies	filmler
college	kolej
value	değer
article	makale
man	adam
jobs	Meslekler
j	j
food	Gıda
author	yazar
different	farklı
u	u
learn	öğrenmek
sale	satış
print	baskı
course	kurs
job	iş
room	oda
stock	Stok
training	Eğitim
too	çok
credit	kredi
point	puan
science	Bilim
men	erkekler
categories	kategoriler
west	batı
look	bak
english	ingilizce
team	takım
estate	arazi
box	Kutu
conditions	koşullar
photos	fotoğraflar
gay	eşcinsel
thread	iplik
category	kategori
note	Not
live	canlı
large	büyük
gallery	galeri
table	tablo
however	ancak
june	Haziran
october	Ekim
november	Kasım
market	Market
library	kütüphane
action	aksiyon
start	başla
series	dizi
features	Özellikler
air	hava
industry	sanayi
plan	plan
human	insan
yes	Evet
second	ikinci
hot	Sıcak
cost	maliyet
movie	film
forums	forumlar
march	Mart
la	la
september	Eylül
say	söylemek
going	gidiyor
medical	tıbbi
friend	arkadaş
dec	Aralık
server	sunucu
application	uygulama
staff	Personel
play	oyun
issues	sorunlar
april	Nisan
users	kullanıcılar
street	sokak
topic	konu
against	karşısında
got	var
blog	Blog
party	Parti
payment	ödeme
equipment	ekipman
let	let
programs	programlar
legal	yasal
recent	son
park	park
act	davranmak
problem	sorun
red	kırmızı
give	vermek
memory	bellek
performance	performans
social	sosyal
q	q
story	Öykü
sell	satmak
options	seçenekleri
experience	deneyim
key	anahtar
body	vücut
young	genç
important	önemli
field	alan
few	az
east	Doğu
single	tek
ii	ii
age	yaş
club	kulüp
example	örnek
girls	kızlar
z	z
road	yol
gift	hediye
question	soru
ca	CA
hard	zor
pay	ödeme
four	dört
poker	poker
issue	konu
range	menzil
building	bina
seller	satıcı
court	mahkeme
february	Şubat
result	sonuç
light	ışık
write	yazmak
war	savaş
offer	teklif
blue	mavi
groups	gruplar
al	ark
easy	kolay
given	verilmiş
request	istek
fax	faks
china	Çin
making	yapma
picture	resim
needs	ihtiyaçlar
possible	mümkün
month	ay
major	majör
star	star
future	gelecek
space	uzay
committee	Kurul
hand	el
sun	Güneş
cards	kartları
london	Londra
meeting	toplantı
become	olmak
child	çocuk
keep	Tut
porn	porno
share	pay
similar	benzer
garden	Bahçe
schools	okullar
million	milyon
added	katma
reference	referans
companies	şirketler
baby	bebek
learning	öğrenme
energy	enerji
run	koşmak
delivery	teslim
popular	popüler
term	terim
film	film
stories	hikayeleri
put	koymak
journal	dergi
reports	raporlar
co	ko
try	Deneyin
images	Görüntüler
notice	ihbar
god	Allah
original	orijinal
head	kafa
radio	radyo
cell	hücre
council	konsey
includes	içerir
track	Izlemek
discussion	tartışma
archive	Arşiv
others	diğerleri
agreement	anlaşma
format	biçim
society	toplum
months	ay
safety	Emniyet
friends	Arkadaş
sure	emin
edition	baskı
messages	mesajları
marketing	pazarlama
tell	söylemek
association	birleşme
provides	sağlar
fun	eğlence
already	zaten
green	yeşil
studies	çalışmalar
close	kapat
common	ortak
specific	özel
several	birkaç
living	yaşam
collection	Toplamak
called	denilen
short	kısa
arts	sanat
lot	çok
ask	Sor
limited	sınırlı
solutions	çözeltiler
director	yönetmen
beach	plaj
past	geçmiş
natural	doğal
electronics	elektronik
upon	üzerine
period	dönem
planning	planlama
says	diyor
official	resmi
mar	mar
done	tamam
technical	teknik
window	pencere
pro	profesyonel
region	bölge
island	ada
record	kayıt
direct	direkt
conference	konferans
records	kayıtlar
st	st
district	ilçe
calendar	takvim
costs	maliyetler
style	stil
statement	Beyan
miles	mil
resource	kaynak
applications	uygulamaları
document	belge
word	sözcük
works	Eserleri
material	malzeme
bill	fatura
written	yazılı
rules	kurallar
final	nihai
thing	şey
centre	merkez
requirements	Gereksinimler
TRUE	DOĞRU
minutes	dakika
else	Başka
mark	işaret
rock	Kaya
bad	kötü
individual	bireysel
plus	artı
auto	Oto
cover	kapak
edit	Düzenle
together	birlikte
videos	videolar
fast	hızlı
function	fonksiyon
fact	gerçek
getting	alma
global	global
tech	teknoloji
meet	karşılamak
far	uzak
economic	ekonomik
en	tr
player	oyuncu
projects	projeler
amount	Miktar
watch	izlemek
included	dahil
feel	hissetmek
bank	banka
risk	risk
deals	fırsatlar
various	çeşitli
words	kelimeler
production	üretim
commercial	ticari
weight	ağırlık
heart	kalp
treatment	tedavi
points	makas
knowledge	bilgi
magazine	dergi
error	hata
camera	kamera
girl	kız
construction	inşaat
toys	oyuncaklar
registered	kayıtlı
domain	domain
methods	yöntemleri
chapter	bölüm
protection	koruma
policies	politikaları
wide	geniş
beauty	güzellik
manager	müdür
india	Hindistan
position	pozisyon
taken	alınmış
sort	çeşit
listings	listeleri
known	bilinen
half	yarım
cases	vakalar
step	adım
engineering	mühendislik
simple	basit
quick	hızlı
license	lisans
lake	göl
whole	bütün
annual	yıllık
published	yayınlanan
church	kilise
method	yöntem
active	aktif
response	tepki
figure	şekil
materials	malzemeler
enough	yeterli
designed	tasarlanmış
among	arasında
death	ölüm
loss	kayıp
face	yüz
brand	marka
discount	indirim
effects	Etkileri
created	oluşturulan
standards	standartlar
bit	bit
political	siyasi
kingdom	krallık
base	baz
doing	iş
loans	krediler
shoes	ayakkabı
entry	giriş
stay	kalmak
orders	emirler
availability	kullanılabilirlik
summary	özet
turn	dönüş
growth	büyüme
agency	Ajans
king	kral
european	Avrupa
activity	aktivite
copy	kopya
western	batı
force	Kuvvet
employment	iş
bay	Defne
river	nehir
commission	komisyon
package	paket
seen	görüldü
players	oyuncu
engine	motor
port	Liman
album	albüm
regional	bölgesel
stop	durdurmak
started	başladı
administration	yönetim
bar	bar
institute	enstitü
views	görünümler
double	çift
dog	köpek
soon	yakında
lines	hatlar
electronic	elektronik
benefits	faydaları
needed	gerekli
printer	yazıcı
condition	şart
effective	etkili
believe	inanmak
organization	organizasyon
effect	Efekt
mind	us
selection	seçim
casino	kumarhane
pdf	pdf
tour	tur
cross	çapraz
hope	umut
corporation	şirket
wish	dilek
solution	çözüm
mature	olgun
role	rol
weeks	haftalar
certain	belli
lower	alt
necessary	gerekli
union	Birlik
mon	Pazartesi
com	com
particular	belirli
fine	ince
hour	saat
gas	gaz
skills	becerileri
six	altı
bush	çalı
islands	adaları
advice	tavsiye
career	kariyer
decision	karar
leave	ayrılmak
pre	önceden
huge	Kocaman
woman	Kadın
facilities	tesisler
bid	teklif
middle	orta
cable	kablo
opportunities	fırsatlar
taking	alma
values	değerler
division	bölünme
coming	gelecek
object	nesne
lesbian	lezbiyen
appropriate	uygun
machine	makine
logo	logo
length	uzunluk
nice	Güzel
score	Gol
statistics	istatistik
client	müşteri
sample	Numune
investment	yatırım
sent	gönderilen
shown	gösterilen
christmas	Noel
culture	kültür
flash	flaş
ms	MS
choice	seçim
courses	dersler
consumer	tüketici
hi	Merhaba
foreign	yabancı
artist	sanatçı
furniture	mobilya
channel	kanal
letter	mektup
mode	kip
phones	telefonlar
ideas	fikirler
structure	yapı
degree	derece
contract	sözleşme
super	Süper
male	erkek
matter	madde
almost	neredeyse
located	bulunan
multiple	çoklu
distribution	dağıtım
editor	editör
inn	Han
industrial	Sanayi
potential	potansiyel
song	şarkı
los	los
fall	düşmek
idea	Fikir
rooms	Odalar
communications	iletişim
win	kazanmak
primary	birincil
cancer	kanser
numbers	sayılar
reason	neden
tool	araç
spring	bahar
foundation	vakıf
answer	Cevap
voice	ses
schedule	program
documents	evraklar
purpose	amaç
feature	özellik
bed	yatak
comes	geliyor
police	polis
independent	bağımsız
approach	yaklaşım
brown	kahverengi
physical	fiziksel
hill	Tepe
maps	haritalar
hold	ambar
ratings	derecelendirme
happy	mutlu
smith	demirci
developed	gelişmiş
thank	teşekkür
safe	kasa
unique	benzersiz
survey	anket
prior	önceki
telephone	telefon
sport	spor
ready	hazır
animal	hayvan
sources	kaynaklar
population	nüfus
pa	baba
regular	düzenli
secure	güvenli
operations	operasyonlar
simply	basitçe
evidence	kanıt
station	istasyon
understand	anlama
option	seçenek
valley	vadi
probably	muhtemelen
sea	deniz
publications	yayınlar
improve	iyileştirmek
connection	bağ
publisher	Yayımcı
hall	salon
anti	anti
networks	ağlar
earth	toprak
parents	ebeveyn
impact	darbe
transfer	Aktar
introduction	Giriş
kitchen	mutfak
strong	kuvvetli
wedding	düğün
properties	özellikleri
hospital	hastane
ground	zemin
ship	gemi
accommodation	Konaklama
disease	hastalık
excellent	mükemmel
perfect	mükemmel
hair	saç
opportunity	fırsat
kit	malzeme
classic	klasik
basis	temel
command	komuta
cities	şehirler
express	ekspres
award	ödül
distance	mesafe
tree	ağaç
assessment	değerlendirme
wall	duvar
involved	ilgili
el	el
extra	ekstra
especially	özellikle
budget	bütçe
guides	kılavuzlar
success	başarı
maximum	maksimum
ma	anne
operation	operasyon
existing	mevcut
quite	oldukça
selected	seçilmiş
boy	oğlan
restaurants	restoranlar
beautiful	güzel
warning	uyarı
locations	yerleri
horse	at
vote	oy
flowers	Çiçekler
stars	yıldızlar
lists	listeleri
owner	sahip
animals	hayvanlar
ways	yolları
son	oğul
providing	sağlama
rule	kural
housing	Konut
takes	alır
bring	getirmek
catalog	katalog
max	maksimum
mother	anne
authority	yetki
told	söyledi
programme	program
joined	katıldı
input	giriş
strategy	strateji
feet	ayaklar
agent	ajan
valid	geçerli
modern	modern
senior	kıdemli
sexy	seksi
teaching	öğretim
door	kapı
grand	büyük
trial	Deneme
units	birimler
cool	güzel
normal	normal
enterprise	kuruluş
ships	gemiler
entire	tüm
positive	pozitif
fitness	Fitness
chinese	Çince
opinion	görüş
football	Futbol
abstract	soyut
output	çıktı
funds	para
mr	Bay
likely	muhtemelen
develop	geliştirmek
artists	sanatçılar
alternative	alternatif
responsibility	sorumluluk
java	java
guest	konuk
publication	yayın
pass	pas
relations	ilişkiler
trust	güven
van	kamyonet
contains	içeren
multi	çok
republic	cumhuriyet
fees	harç
components	bileşenler
vacation	tatil
century	yüzyıl
academic	akademik
assistance	yardım
completed	tamamlanan
skin	cilt
graphics	grafik
indian	Hintli
ring	halka
grade	sınıf
mountain	dağ
organizations	organizasyonlar
filter	filtre
panel	panel
floor	zemin
buying	alış
match	maç
proposed	önerilen
require	gerektirir
boys	çocuklar
morning	sabah
allows	verir
protein	protein
plant	bitki
reported	rapor
hit	vurmak
mm	aa
pool	havuz
mini	mini
politics	siyaset
partner	ortak
authors	yazarlar
boards	panoları
fish	balık
membership	üyelik
mission	misyon
eye	göz
string	sicim
sense	duyu
modified	değiştirilmiş
released	yayınlandı
stage	evre
internal	iç
born	doğmuş
detailed	detaylı
japanese	Japonca
race	yarış
approved	onaylı
target	hedef
except	dışında
character	karakter
maintenance	bakım
ability	kabiliyet
ed	ed
rape	kolza
battery	pil
youth	gençlik
pressure	basınç
submitted	gönderilen
debt	borç
medium	orta
television	televizyon
interested	Ilgilenen
core	çekirdek
break	mola
purposes	amaçlar
sets	kümeler
dance	dans
wood	ahşap
defined	tanımlanmış
papers	kâğıtlar
awards	ödülleri
fee	ücret
studio	stüdyo
reader	okuyucu
device	cihaz
established	kurulmuş
answers	cevaplar
rent	kira
las	las
dark	karanlık
external	dış
apple	elma
le	le
instructions	Talimatlar
min	min
offered	sunulan
theory	teori
remove	Kaldır
aid	yardım
visual	görsel
host	evsahibi
variety	Çeşitlilik
teachers	öğretmenler
manual	Manuel
block	blok
subjects	konular
agents	ajanları
repair	onarım
fair	adil
steel	çelik
understanding	anlayış
songs	şarkılar
fixed	sabit
wrong	yanlış
beginning	başlangıç
hands	eller
az	az
paris	Paris
gets	alır
sector	sektör
capacity	kapasite
un	un
fat	şişman
father	baba
electric	elektrik
saw	testere
instruments	enstrümanlar
officer	subay
driver	sürücü
businesses	işletmeler
dead	ölü
unknown	Bilinmeyen
restaurant	restoran
mike	mikrofon
trip	gezi
mi	mi
poor	fakir
relationship	ilişki
workers	işçiler
peace	Barış
traditional	geleneksel
showing	gösterme
creative	yaratıcı
coast	sahil
benefit	yarar
funding	finansman
devices	cihazlar
lord	Kral
grant	hibe
sub	alt
fiction	kurgu
watches	saatler
careers	kariyer
goes	gider
led	Led
museum	müze
fan	yelpaze
transport	taşıma
interesting	ilginç
blogs	bloglar
evaluation	değerlendirme
former	eski
zone	bölge
complex	karmaşık
th	inci
cat	kedi
die	ölmek
presented	sunulan
flat	düz
flow	akış
agencies	ajanslar
literature	Edebiyat
parent	ebeveyn
setting	ayar
dr	dr
scale	ölçek
economy	ekonomi
helpful	faydalı
monthly	aylık
critical	kritik
frame	çerçeve
musical	müzikal
definition	tanım
secretary	Sekreter
path	yol
chief	şef
gives	verir
packages	paketler
detail	detay
laws	yasalar
changed	değişmiş
begin	başla
royal	royal
clean	temiz
guy	adam
titles	başlıkları
relevant	uygun
justice	adalet
connect	bağlamak
cup	Fincan
basket	sepet
applied	uygulamalı
weekly	haftalık
vol	cilt
installation	Kurulum
pp	s
attention	Dikkat
advance	ilerlemek
skip	atlamak
diet	diyet
army	ordu
gear	vites
difference	fark
allowed	izin
correct	doğru
nation	ulus
selling	satış
lots	çok
piece	parça
sheet	tabaka
firm	firma
seven	Yedi
elements	elementler
species	Türler
jump	atlama
cells	hücreler
module	modül
resort	çare
certificate	sertifika
minister	bakan
motion	hareket
fashion	moda
directions	talimatlar
visitors	Ziyaretçi
documentation	belgeleme
trading	ticari
forest	orman
calls	aramalar
coverage	kapsama
couple	çift
giving	vererek
chance	şans
vision	vizyon
ball	top
ending	bitirme
clients	istemciler
actions	eylemler
discuss	tartışmak
goal	hedef
successful	başarılı
sold	satıldı
wind	rüzgar
communities	topluluklar
clinical	klinik
situation	durum
markets	piyasalar
publishing	yayıncılık
appear	görünmek
developing	gelişen
lives	hayatları
determine	belirlemek
temperature	sıcaklık
announcements	duyurular
patient	hasta
actual	gerçek
historical	tarihi
stone	taş
bob	şilin
commerce	ticaret
persons	kişiler
difficult	zor
scientific	ilmi
satellite	uydu
tests	testler
village	köy
accounts	hesapları
amateur	amatör
ex	eski
met	met
pain	Ağrı
factors	faktörler
coffee	Kahve
buyer	alıcı
poster	afiş
edge	kenar
functional	fonksiyonel
root	kök
fi	fi
closed	kapalı
holidays	Bayram
pink	pembe
balance	denge
monitoring	izleme
replies	cevaplar
shot	atış
initial	ilk
label	etiket
sec	sek
canon	kanon
league	lig
waste	atık
minute	dakika
bus	otobüs
provider	sağlayan
dictionary	sözlük
accounting	muhasebe
manufacturing	imalat
sections	bölümler
chair	sandalye
effort	çaba
phase	faz
fantasy	fantezi
po	po
va	va
professor	profesör
install	kurmak
shirt	gömlek
apparel	giysi
foot	ayak
breast	meme
techniques	teknikleri
dollars	dolar
religion	din
permission	izin
wild	vahşi
generation	nesil
miss	bayan
chemical	kimyasal
doctor	doktor
task	görev
reduce	azaltmak
brought	getirdi
exercise	egzersiz
bug	böcek
guarantee	garanti
leader	lider
se	se
processes	süreçler
soft	yumuşak
meetings	toplantılar
seconds	saniye
flight	uçuş
congress	kongre
fuel	yakıt
walk	yürümek
produced	üretilmiş
saint	aziz
argument	tartışma
competition	yarışma
drugs	ilaçlar
joint	ortak
premium	ödül
fresh	taze
characters	karakterler
attorney	avukat
di	di
factor	faktör
thousands	binlerce
km	km
stream	Akış
apartments	daireler
pick	almak
hearing	işitme
eastern	doğu
therapy	terapi
entries	girdileri
signed	imzalı
administrative	idari
serious	ciddi
limit	sınır
steps	adımlar
shops	dükkanlar
bondage	esaret
del	del
efforts	çabaları
informed	bilgili
ga	ga
thoughts	düşünceler
creek	dere
ft	ft
quantity	miktar
essential	gerekli
tours	turlar
load	yük
immediately	hemen
machines	makineler
designated	belirlenmiş
heavy	ağır
covered	kapalı
recovery	kurtarma
integrated	entegre
configuration	yapılandırma
cock	horoz
merchant	tüccar
comprehensive	kapsamlı
expert	uzman
protect	korumak
solid	katı
presentation	sunum
became	oldu
orange	Portakal
compliance	uyma
theme	tema
rich	zengin
campaign	kampanya
vs	vs
guitar	gitar
finding	bulgu
examples	örnekler
spirit	ruh
ar	ar
claims	iddialar
acceptance	kabul
strategies	stratejiler
mo	mo
affairs	işler
intended	istenilen
sa	sa
goals	hedefleri
hire	kiralama
election	seçim
suggest	önermek
branch	şube
serve	servis
affiliates	bağlı
mount	dağ
latin	Latince
multimedia	multimedya
manage	yönetmek
corner	köşe
rank	rütbe
element	eleman
birth	doğum
virus	virüs
interactive	interaktif
requests	istekler
separate	ayrı
quarter	çeyrek
procedure	prosedür
leadership	liderlik
define	tanımlamak
religious	dini
facts	Gerçekler
breakfast	kahvaltı
column	kolon
faith	inanç
chain	Zincir
identify	belirlemek
avenue	cadde
missing	eksik
recommendations	tavsiyeler
moved	taşındı
reach	ulaşmak
comparison	karşılaştırma
moment	an
extended	Genişletilmiş
sequence	sıra
inch	inç
attack	saldırı
centers	merkezleri
opening	açılış
lab	laboratuvar
reserve	rezerv
gamma	gama
produce	üretmek
truth	hakikat
counter	sayaç
failure	başarısızlık
follows	şu
dollar	dolar
camp	kamp
des	des
films	filmler
bridge	köprü
fill	doldurmak
movement	hareket
printing	baskı
draft	taslak
chart	grafik
played	Oyunun
contacts	kontaklar
readers	okuyucular
clubs	kulüpleri
wa	WA
adventure	macera
offering	teklif
profit	kâr
leaders	liderler
posters	afişler
institutions	kurumlar
assistant	asistan
variable	değişken
dj	dj
parking	otopark
yesterday	dün
determined	belirlenen
workshop	atölye
gone	gitmiş
codes	kodlar
kinds	çeşit
extension	uzantı
statements	ifadeleri
completely	tamamen
teams	takımlar
fort	kale
cm	santimetre
senate	senato
funny	komik
gene	gen
turned	dönük
disc	disk
pattern	Desen
boat	tekne
theatre	tiyatro
manufacturers	üreticileri
sponsor	sponsor
classical	klasik
icon	ikon
warranty	garanti
dedicated	adanmış
direction	yön
basketball	Basketbol
objects	nesneleri
delete	silmek
evening	akşam
assembly	montaj
nuclear	nükleer
mouse	fare
signal	işaret
criminal	adli
issued	Veriliş
powerful	güçlü
dream	rüya
FALSE	YANLIŞ
da	da
cast	oyuncular
flower	çiçek
personnel	personel
passed	geçti
supplied	verilen
falls	düşme
soul	ruh
promote	desteklemek
stated	belirtilen
stats	istatistikler
professionals	profesyoneller
appears	belirir
carry	Taşımak
flag	bayrak
covers	kapaklar
em	em
advantage	avantaj
hello	Merhaba
designs	tasarımlar
maintain	sürdürmek
tourism	turizm
priority	öncelik
adults	yetişkinler
graphic	grafik
atom	atom
payments	ödemeler
binding	bağlayıcı
brief	kısa
ended	Bitti
winning	kazanan
anonymous	anonim
script	senaryo
served	hizmet
wants	istiyor
prepared	hazırlanmış
void	geçersiz
tag	etiket
interview	röportaj
mix	karıştırmak
framework	iskelet
disk	disk
installed	Kurulmuş
queen	kraliçe
credits	kredi
clearly	Açıkça
fix	düzeltmek
handle	sap
sweet	tatlı
criteria	kriterleri
associate	ortak
ne	ne
behavior	davranış
enlarge	büyütmek
ray	ışın
revenue	gelir
measure	ölçmek
votes	oy
du	du
duty	görev
discussions	tartışmalar
bear	ayı
gain	kazanç
festival	Festival
laboratory	laboratuvar
ocean	okyanus
flights	uçuşlar
experts	uzmanlar
signs	işaretler
depth	derinlik
train	tren
dry	kuru
explore	keşfetmek
spa	spa
concept	kavram
nearly	neredeyse
handling	kullanma
origin	Menşei
billion	milyar
intelligence	zeka
bought	satın
con	aleyhte
nations	milletler
route	rota
broken	kırık
battle	savaş
speak	konuşmak
protocol	protokol
query	sorgu
partnership	ortaklık
expression	ifade
es	es
speech	konuşma
wire	tel
suggestions	öneri
replacement	değiştirme
tape	bant
strategic	stratejik
judge	hakim
acid	asit
bytes	bayt
cent	sent
forced	zorunlu
compatible	uyumlu
apartment	apartman
null	boş
zero	sıfır
speaker	konuşmacı
consulting	Danışmanlık
designer	tasarımcı
pr	pr
marriage	evlilik
roll	rulo
banks	bankalar
fr	fr
participants	katılımcılar
secret	gizli
negative	negatif
favorites	Favoriler
theater	tiyatro
springs	yaylar
var	var
perform	yapmak
translation	çeviri
estimates	tahminler
injury	hasar
ministry	bakanlık
drivers	sürücüler
lawyer	avukat
figures	rakamlar
protected	korumalı
proposal	öneri
sharing	paylaşım
portal	kapı
beta	beta
gratis	bedava
toward	karşı
slightly	hafifçe
assist	yardım
conduct	davranış
contained	içeriyordu
legislation	mevzuat
calling	çağrı
parameters	parametreler
profiles	profiller
matters	hususlar
houses	evler
controls	kontroller
combined	kombine
ultimate	nihai
representative	temsilci
minor	küçük
departments	bölümler
residents	sakinleri
displayed	görüntülenen
mom	anne
reduced	indirimli
rare	nadir
performed	gerçekleştirilen
extreme	aşırı
samples	örnekler
bars	Barlar
forecast	tahmin
removed	çıkarıldı
cycle	Çevrim
contain	içermek
accuracy	doğruluk
sleep	uyku
mg	mg
bird	kuş
pharmacy	eczane
creation	oluşturma
static	statik
hunter	avcı
addresses	adresler
lady	bayan
crystal	kristal
famous	ünlü
writer	yazar
chairman	başkan
drink	içki
academy	akademi
dynamic	dinamik
eat	yemek
permanent	kalıcı
cleaning	temizlik
constitutes	teşkil
portfolio	portföy
practical	pratik
delivered	teslim
infrastructure	altyapı
colour	renk
vendor	satıcı
philosophy	Felsefe
regulation	düzenleme
officers	görevlileri
aim	amaç
bids	teklifleri
nutrition	beslenme
recording	kayıt
junior	genç
les	les
cape	pelerin
rings	halkalar
tip	bahşiş
wonderful	olağanüstü
ticket	bilet
announced	açıkladı
guess	tahmin
whom	kime
soccer	Futbol
math	matematik
import	ithalat
posting	gönderme
presence	varlık
automatic	otomatik
viewing	görüntüleme
maintained	muhafaza
ch	ch
dan	dan
dogs	köpekler
directors	yönetmenler
aspects	yönleri
ahead	önde
moon	ay
participation	katılım
scheme	düzen
fly	sinek
manner	tavır
matrix	matris
combination	kombinasyon
amendment	düzeltme
strength	kuvvet
turkey	Türkiye
libraries	kütüphaneler
proper	uygun
degrees	derece
enterprises	işletmelerin
delta	delta
fear	korku
seeking	arayan
inches	inç
convention	Kongre
shares	hisseleri
principal	asıl
comfort	konfor
colors	renkler
wars	savaşlar
ordering	sipariş
kept	tuttu
alpha	alfa
appeal	temyiz
cruise	seyir
bonus	bonus
hey	Hey
buildings	binalar
specials	özel
beat	dövmek
batteries	piller
becomes	olur
drives	sürücüler
arms	silâh
tea	Çay
improved	gelişmiş
achieve	başarmak
positions	pozisyonları
dress	elbise
subscription	abone
dealer	satıcı
contemporary	çağdaş
sky	gökyüzü
rom	ROM
carried	taşınan
exposure	poz
hide	saklamak
signature	imza
miller	değirmenci
provision	hüküm
clothes	çamaşırlar
frames	çerçeveler
certainly	kesinlikle
newspaper	gazete
toy	oyuncak
layer	tabaka
printed	basılı
slow	yavaş
removal	uzaklaştırma
liability	yükümlülük
printers	yazıcılar
adding	ekleme
spot	yer
spend	harcamak
factory	fabrika
interior	iç
grow	büyümek
optical	optik
promotion	tanıtım
relative	bağıl
amazing	şaşırtıcı
dot	nokta
identity	Kimlik
conversion	dönüştürme
feeling	duygu
hidden	gizli
reasonable	makul
revision	revizyon
influence	etki
ratio	oran
importance	önem
rain	yağmur
planet	gezegen
copies	kopyalar
permit	izin
seeing	görme
proof	kanıt
bass	bas
prescription	reçete
empty	boş
instance	örnek
hole	delik
ride	binmek
bureau	büro
conservation	koruma
pair	çift
ideal	ideal
specs	gözlük
recorded	kaydedilmiş
don	don
pieces	parçalar
finished	bitmiş
parks	parklar
lawyers	avukatları
stress	stres
cream	krem
ss	ss
runs	koşar
discover	keşfetmek
ap	ap
patterns	desenler
hills	tepeler
nm	mil
advisor	danışman
aware	farkında
shape	şekil
evolution	evrim
certificates	sertifikalar
objectives	hedefleri
stations	istasyonlar
suggested	önerdi
op	op
remains	kalıntılar
firms	firmalar
euro	euro
operator	Şebeke
structures	yapıları
generic	genel
encyclopedia	ansiklopedi
usage	kullanım
ink	mürekkep
mixed	karışık
census	sayım
wheel	tekerlek
suppliers	tedarikçileri
compact	kompakt
poetry	şiir
lights	ışıklar
tracking	izleme
angel	melek
preparation	hazırlık
attempt	girişim
receiving	kabul
matches	maçlar
accordance	uyum
width	Genişlik
engines	motorlar
forget	unutmak
array	dizi
discussed	tartışılan
accurate	doğru
climate	iklim
greek	Yunan
instruction	talimat
managing	yönetme
raw	çiğ
differences	farklar
explain	açıklamak
establish	kurmak
expressed	ifade
extent	derece
sharp	keskin
ben	ben
paragraph	paragraf
kill	öldürmek
mathematics	matematik
compensation	tazminat
export	ihracat
managers	yöneticileri
modules	modüller
conducted	yürütülen
versions	versiyonları
knows	bilir
describe	tanımlamak
citizens	vatandaşlar
heritage	miras
trouble	sorun
coach	Koç
agricultural	tarım
expand	genişletmek
audience	seyirci
assigned	atanmış
collections	koleksiyonları
ages	yaşlar
specialist	uzman
cook	pişirmek
affect	etkilemek
virgin	bakire
experienced	deneyimli
investigation	soruşturma
raised	kalkık
hat	şapka
institution	kurum
directed	yönlendirilmiş
affected	etkilenmiş
bike	bisiklet
totally	bütünüyle
plate	plaka
expenses	giderler
indicate	belirtmek
blonde	sarışın
proceedings	kovuşturma
favourite	favori
characteristics	karakteristikleri
der	der
lose	kaybetmek
organic	organik
seek	aramak
experiences	deneyimler
albums	albüm
contracts	sözleşmeler
guests	misafir
hosted	barındırılan
diseases	hastalıklar
concerning	ilişkin
equivalent	eşdeğer
chemistry	kimya
kits	kitleri
logic	mantık
prince	prens
circle	daire
soil	toprak
psychology	Psikoloji
wet	ıslak
circumstances	koşullar
investor	yatırımcı
elementary	temel
sponsors	sponsorlar
fox	tilki
unlimited	sınırsız
respond	yanıtlamak
sizes	boyutları
plain	sade
exit	çıkış
arm	kol
keys	anahtarlar
wave	dalga
holy	kutsal
acts	eylemler
guidance	rehberlik
trail	iz
symbol	sembol
highway	karayolu
observed	gözlenen
dean	dekan
setup	kurmak
poll	anket
styles	stilleri
filled	dolu
bond	bağ
channels	kanallar
appendix	apandis
chocolate	çikolata
portion	kısım
scope	kapsam
supplier	satıcı
cables	kablolar
cotton	pamuk
requirement	gereklilik
killed	öldürdü
border	sınır
ancient	eski
debate	tartışma
representatives	temsilcileri
starts	başlar
pregnancy	gebelik
attractions	konumlar
learned	bilgili
transactions	işlemler
explorer	kâşif
historic	tarihi
husband	koca
authorized	yetkili
crazy	çılgın
upcoming	yaklaşan
concert	konser
scores	Skorlar
efficiency	verim
comedy	komedi
adopted	benimsenen
efficient	verimli
linear	doğrusal
commitment	taahhüt
specialty	uzmanlık
bears	ayılar
hop	atlama
carrier	taşıyıcı
constant	sabit
visa	Visa
mouth	ağız
meter	metre
linked	bağlantılı
interviews	görüşmeler
concepts	kavramlar
gun	tabanca
reflect	yansıtmak
pure	saf
hell	cehennem
fruit	meyve
begins	başlar
qualified	nitelikli
reform	reform
lens	lens
treated	işlenmiş
discovery	keşif
draw	çekmek
classified	sınıflandırılmış
assume	üstlenmek
alliance	ittifak
confirm	onaylamak
engineer	mühendis
consistent	tutarlı
replace	değiştirmek
clearance	Boşluk
converter	dönüştürücü
organisation	organizasyon
babe	bebek
checks	çekler
reached	ulaştı
becoming	olma
objective	amaç
indicated	belirtilen
sugar	şeker
crew	mürettebat
legs	bacaklar
stick	Çubuk
relation	ilişki
enabled	etkin
genre	Tür
volunteer	gönüllü
rear	arka
democratic	demokratik
enhance	artırmak
exact	kesin
bound	ciltli
parameter	parametre
processor	işlemci
node	düğüm
formal	biçimsel
storm	fırtına
micro	mikro
colleges	kolejler
mile	mil
challenges	zorluklar
editors	editörler
supreme	yüce
brothers	Kardeşler
recognition	tanıma
ref	ref
estimate	tahmin
kid	çocuk
inspection	teftiş
consumers	tüketicilerin
limits	sınırları
territory	bölge
weapons	silahlar
delay	gecikme
pilot	pilot
contributions	katkıları
continuous	sürekli
initiative	girişim
novel	yeni
execution	icra
disability	sakatlık
ultra	ultra
winner	kazanan
episode	bölüm
potter	çömlekçi
dish	tabak
plays	oyunlar
bulletin	bülten
ia	ia
modify	değiştirmek
truly	gerçekten
universe	Evren
candidate	aday
slot	yarık
outstanding	ödenmemiş
ha	Ha
planned	planlı
lodge	loca
mirror	ayna
tournament	turnuva
consideration	düşünce
sessions	oturumları
kernel	çekirdek
buyers	alıcılar
journals	dergi
gray	gri
catalogue	katalog
charged	yüklü
broad	geniş
und	und
chosen	seçilmiş
demo	gösteri
hate	nefret
terminal	terminal
publishers	yayıncılar
nights	gece
liquid	sıvı
rice	pirinç
reservation	rezervasyon
foods	gıdalar
guard	bekçi
saving	tasarruf
empire	imparatorluk
newly	yeni
raise	yükseltmek
illegal	yasadışı
expansion	genişleme
premier	başbakan
tomorrow	yarın
milk	Süt
drama	dram
visiting	ziyaret
contest	yarışma
collected	toplanmış
bands	bantları
suitable	uygun
absolutely	kesinlikle
audit	denetim
chamber	bölme
guinea	Gine
findings	bulgular
iso	iso
typical	tipik
sum	toplam
chicken	tavuk
temporary	geçici
attend	katılmak
shower	duş
sending	gönderme
sufficient	yeterli
shell	kabuk
province	il
catholic	liberal
governor	Vali
beer	bira
contribution	katkı
formula	formül
constitution	anayasa
packaging	paketleme
reliable	dürüst
doubt	şüphe
earn	kazanmak
periods	dönemleri
attacks	saldırılar
merchandise	mal
symptoms	semptomlar
memorial	anıt
twin	ikiz
insert	eklemek
gateway	geçit
drawing	çizim
candidates	adaylar
ordered	düzenli
biological	biyolojik
fighting	kavga
transition	geçiş
preferences	tercihleri
spy	casus
romance	romantik
instrument	enstrüman
split	Bölünmüş
themes	temalar
powers	güçler
heaven	cennet
bits	bit
pregnant	hamile
classification	sınıflandırma
focused	odaklı
physician	doktor
asking	sormak
blocks	bloklar
lo	bak
spiritual	manevi
diabetes	diyabet
ml	mi
shift	vardiya
sit	oturmak
bodies	bedenler
photographs	fotoğraflar
cutting	kesim
writers	yazarlar
flexible	esnek
loved	sevilen
favourites	Favoriler
mapping	haritalama
numerous	sayısız
relatively	Nispeten
represents	temsil
superior	üstün
preferred	tercihli
saved	kaydedilmiş
intellectual	entellektüel
granted	verilmiş
carbon	karbon
comfortable	rahat
magnetic	manyetik
interaction	etkileşim
listening	dinleme
crisis	kriz
outlook	görünüm
massive	masif
bright	parlak
formed	oluşturulan
piano	piyano
echo	Eko
revolution	devrim
displays	görüntüler
plasma	plazma
earnings	kazanç
mystery	gizem
landscape	peyzaj
mechanical	mekanik
journey	seyahat
banner	afiş
fig	incir
counties	ilçeler
acquisition	edinme
recognized	tanınan
dreams	rüyalar
notification	bildirim
kg	kilogram
teach	öğretmek
rapid	hızlı
pull	Çek
ut	ut
seminar	seminer
investments	yatırımlar
wheels	tekerlekler
specify	belirtmek
sensitive	hassas
templates	şablonları
formats	formatları
holds	tutar
router	yönlendirici
concrete	beton
si	si
folder	Klasör
completion	tamamlama
pulse	nabız
technique	teknik
voting	oylama
courts	mahkemeler
converted	dönüştürülmüş
metro	metro
anniversary	yıldönümü
improvements	iyileştirmeler
strip	şerit
specification	Şartname
accident	kaza
nick	Nick
accessible	ulaşılabilir
resident	oturan
plot	arsa
typically	tipik
representation	temsil
pump	pompa
exists	var
arrangements	düzenlemeler
conferences	konferanslar
consumption	tüketim
narrow	dar
threat	tehdit
surveys	anketler
sitting	oturma
consultant	danışman
controller	kontrolör
committees	komiteler
penis	penis
castle	kale
gardens	bahçeleri
labels	etiketler
willing	istekli
bio	biyo
acting	oyunculuk
heads	kafaları
exam	sınav
residence	Konut
density	yoğunluk
hundred	yüz
strange	garip
sustainable	sürdürülebilir
statistical	istatistiksel
mention	Anma
innovation	yenilik
grey	gri
parallel	paralel
operate	işletmek
bills	fatura
stable	kararlı
definitions	tanımlar
von	von
doctors	doktorlar
lesson	ders
cinema	sinema
elections	seçimler
reaction	reaksiyon
blank	boş
enhanced	gelişmiş
entitled	adlı
severe	şiddetli
generate	üretmek
newspapers	gazeteler
hospitals	hastaneler
vi	vi
humor	Mizah
aged	yaşlı
monitors	monitör
exception	istisna
duration	süre
bulk	kütle
visits	ziyaret
capabilities	yetenekleri
recommendation	tavsiye
sin	günah
organized	örgütlü
ba	ba
para	paragraf
adoption	Benimseme
improving	geliştirme
expensive	pahalı
buffalo	bizon
organisations	organizasyonlar
plane	uçak
programmes	programlar
mechanism	mekanizma
ee	ee
marked	işaretlenmiş
driven	tahrik
bottle	şişe
innovative	yenilikçi
massage	masaj
conclusion	Sonuç
closing	kapanış
thousand	bin
legend	efsane
villa	villa
bone	kemik
columns	sütunlar
disorders	bozukluklar
collaboration	işbirliği
detection	bulma
inner	iç
formation	formasyon
med	med
engineers	mühendisler
entity	varlık
cruises	yolculukları
gate	kapı
roman	Roma
duties	görevleri
erotic	erotik
tone	ton
ethics	ahlâk
dragon	Ejderha
busy	meşgul
captain	Kaptan
brings	getiriyor
heating	ısıtma
leg	bacak
neck	boyun
wing	kanat
scripts	senaryo
abc	ABC
appointed	döşenmiş
dealing	muamele
commit	işlemek
rail	Demiryolu
trips	gezileri
gap	boşluk
sides	taraf
tube	tüp
corresponding	uyan
descriptions	açıklamaları
belt	kemer
jacket	ceket
animation	animasyon
oracle	torpil
er	er
productions	yapımları
aviation	havacılık
proud	gururlu
disaster	afet
console	konsol
commands	komutlar
jr	jr
telecommunications	telekomünikasyon
instructor	eğitmen
giant	dev
achieved	elde
injuries	yaralanmalar
approaches	yaklaşımlar
usual	olağan
stamps	pullar
angle	açı
rob	soymak
designers	tasarımcılar
liberty	özgürlük
era	çağ
convert	dönüştürmek
possibility	olasılık
analyst	analist
dangerous	tehlikeli
reliability	güvenilirlik
respectively	sırasıyla
volunteers	gönüllüler
derived	türetilmiş
pleasure	Zevk
honor	Onur
oriented	yönlü
eagle	kartal
prayer	namaz
workshops	atölyeler
hurricane	kasırga
quiet	sessiz
producer	yapımcı
represented	temsil
responsibilities	sorumluluklar
cheese	peynir
carefully	dikkatlice
productivity	verimlilik
crown	taç
par	eşitlik
diagnosis	Teşhis
maker	yapıcı
crack	çatlak
principle	prensip
picks	seçtikleri
gang	çete
fetish	fetiş
appearance	görünüm
smoke	duman
filters	filtreler
incorporated	Anonim
craft	zanaat
fellow	adam
blind	kör
lounge	salon
mad	deli
algorithm	algoritma
strongly	şiddetle
cafe	kafe
ken	ken
proteins	proteinler
su	su
familiar	tanıdık
capable	yetenekli
admission	kabul
shoe	ayakkabı
elected	seçildi
carrying	taşıma
terrorism	terörizm
joy	sevinç
editions	sürümleri
ethnic	etnik
parliament	parlamento
actor	aktör
finds	buluntular
seal	mühür
situations	durumlar
fifth	beşinci
citizen	vatandaş
vertical	dikey
corrections	düzeltmeler
describes	açıklar
disabilities	engelli
substance	madde
prohibited	yasak
pipe	boru
soldiers	askerler
guardian	Gardiyan
lecture	ders
simulation	simülasyon
layout	düzen
initiatives	girişimler
ill	hasta
concentration	konsantrasyon
lay	yatırmak
interpretation	yorumlama
dirty	kirli
taught	öğretilen
worker	işçi
optimization	optimizasyon
temple	tapınak
substances	maddeler
prove	kanıtlamak
discovered	keşfedilen
wings	kanatlar
genetic	genetik
restrictions	kısıtlamalar
thin	ince
exhibition	sergi
ridge	sırt
modem	modem
bringing	getiren
sick	hasta
evaluate	değerlendirmek
tropical	tropikal
collect	toplamak
vector	vektör
definitely	kesinlikle
turning	döndürme
existence	varoluş
commentary	yorum
developments	gelişmeler
immigration	göç
destinations	yerler
mutual	karşılıklı
syntax	sözdizimi
li	li
attribute	nitelik
prison	hapis
skill	beceri
chairs	sandalye
surrounding	çevreleyen
mountains	dağlar
popularity	popülerlik
inquiry	soruşturma
checked	kontrol
exhibit	sergi
throw	atmak
trend	akım
cats	kediler
desert	çöl
ya	ya
coordinator	koordinatör
mercury	Merkür
burning	yanan
escape	kaçış
receiver	alıcı
progressive	ilerici
boats	tekneler
championship	şampiyonluk
arcade	çarşı
impossible	imkansız
tells	anlatır
obvious	açık
depression	depresyon
graph	grafik
covering	kaplama
platinum	platin
judgment	yargı
talks	görüşmeler
filing	dosyalama
foster	beslemek
awarded	layık
trials	denemeler
masters	ustaları
cartridge	kartuş
explanation	açıklama
org	org
fraud	dolandırıcılık
electricity	elektrik
spectrum	spektrum
arrival	varış
pottery	çömlekçilik
emphasis	vurgu
awesome	müthiş
confirmed	onaylı
counts	sayımları
crash	kaza
lift	asansör
inter	arası
heights	yükseklikleri
shadow	gölge
expense	gider
venture	girişim
clinic	klinik
healing	şifa
princess	prenses
entering	girme
packet	paket
studios	stüdyoları
involvement	ilgi
dad	baba
buttons	düğmeleri
placement	yerleştirme
observations	gözlemler
winners	kazananlar
roads	yollar
subsequent	sonraki
yard	avlu
disclosure	ifşa
establishment	kuruluş
memories	hatıralar
te	te
creates	yaratır
faces	yüzleri
tourist	turist
murder	cinayet
adequate	yeterli
senator	senatör
presentations	sunumlar
digest	özet
dust	toz
wiki	wiki
replaced	değiştirilir
radar	radar
losses	kayıplar
combat	savaş
reducing	indirgen
stopped	durduruldu
occupation	Meslek
closely	yakından
radiation	radyasyon
kings	krallar
shooting	çekim
ear	kulak
flags	bayraklar
baker	fırıncı
conservative	muhafazakâr
shock	şok
effectiveness	etki
tie	kravat
roof	çatı
demonstrate	göstermek
atmosphere	atmosfer
kiss	öpücük
beast	canavar
ra	ra
operated	ameliyat
experiment	deney
targets	hedefler
purchases	alımları
federation	federasyon
pizza	Pizza
invited	davet
assignment	atama
mod	şık
queries	sorguları
absence	yokluk
vendors	satıcıları
yoga	yoga
serves	vermektedir
surprise	sürpriz
lamp	Lamba
jokes	espriler
counseling	danışmanlık
palace	Saray
satisfied	memnun
wins	kazanç
warehouse	depo
supposed	sözde
ordinary	sıradan
ghost	hayalet
violation	ihlal
boss	patron
pride	gurur
expectations	beklentiler
independence	bağımsızlık
knowing	bilme
reporter	muhabir
metabolism	metabolizma
champion	şampiyon
personally	Şahsen
plenty	bol
solo	solo
throat	boğaz
wealth	servet
vacuum	vakum
dancing	dans
recognize	tanımak
writes	yazıyor
plaza	plaza
quest	araştırma
publish	Yayınla
screening	tarama
trans	trans
pioneer	öncü
forgotten	unutulmuş
acrobat	akrobat
plates	plakalar
essays	denemeler
behaviour	davranış
telling	söylüyorum
fairly	oldukça
intelligent	akıllı
modes	modları
obligation	yükümlülük
harbor	liman
traveler	gezgin
segment	bölüm
enemy	düşman
puzzle	bulmaca
wells	kuyular
restricted	kısıtlı
republican	cumhuriyetçi
secrets	sırlar
syndrome	sendrom
attendance	katılım
penalty	ceza
drum	davul
enables	sağlayan
builder	kurucu
vista	manzara
flood	sel
ease	kolaylaştırmak
arguments	argümanlar
arena	arena
adventures	maceralar
pupils	öğrenciler
announcement	duyuru
outcome	sonuç
appreciate	anlamak
expanded	genişletilmiş
grown	yetişkin
lovely	güzel
centres	merkezleri
clause	fıkra
smile	gülümseme
lands	topraklar
troops	asker
armed	silâhlı
pine	çam
cooling	soğutma
gulf	körfez
trucks	kamyonlar
mechanisms	mekanizmalar
divorce	boşanma
tradition	gelenek
pills	haplar
tiger	kaplan
folks	arkadaşlar
sensor	algılayıcı
exposed	maruz
hunt	av
angels	melekler
deputy	milletvekili
thai	Tayland
emissions	emisyonları
physicians	hekimler
complaint	şikâyet
scenes	sahneler
experiments	deneyler
boost	artırmak
governance	Yönetim
mill	değirmen
founded	kurulmuş
chronic	kronik
den	den
finger	parmak
keeps	tutar
pound	pound
locate	yerleştirmek
pl	pl
trained	eğitilmiş
implementing	uygulanması
bread	ekmek
motors	motorlar
tough	sert
incident	olay
dynamics	dinamik
lie	Yalan
conversation	konuşma
decrease	azaltmak
worship	ibadet
capability	kabiliyet
ak	ak
precision	hassas
damages	tazminat
reserves	rezervler
solve	çözmek
minority	azınlık
diverse	çeşitli
ingredients	malzemeler
ah	Ah
tones	sesleri
rehabilitation	rehabilitasyon
sight	görme
clay	kil
weak	zayıf
divided	bölünmüş
reception	resepsiyon
wise	bilge
odds	olasılık
seminars	seminer
consequences	sonuçları
makers	vericiler
geography	coğrafya
integrity	bütünlük
legacy	miras
pleased	memnun
danger	Tehlike
vitamin	vitamin
processed	işlenmiş
phrase	ifade
raising	yükselen
implications	etkileri
functionality	işlevselliği
paradise	cennet
hybrid	melez
reads	okur
emotional	duygusal
glory	şan
ja	ja
geographic	coğrafi
exceed	aşmak
rod	çubuk
silk	ipek
babies	bebekler
bi	bi
romantic	romantik
revealed	ortaya
specialists	uzmanlar
generator	jeneratör
suspension	süspansiyon
sad	üzgün
correction	düzeltme
wolf	Kurt
slowly	yavaşça
supplement	ek
portions	bölümleri
infant	bebek
sectors	sektörler
fluid	akışkan
grounds	zeminler
meal	yemek
ta	ta
machinery	makinalar
equation	denklem
baskets	sepetler
probability	olasılık
dimension	boyut
studied	okudu
profits	kar
devil	şeytan
grass	çimen
illustrated	resimli
cherry	Kiraz
continental	kıta
achievement	başarı
limitations	sınırlamaları
funeral	cenaze
chapters	bölümler
passenger	yolcu
convenient	uygun
mars	Mars
sized	boy
egg	Yumurta
signals	sinyalleri
orientation	oryantasyon
theft	Çalınması
childhood	çocukluk
symbols	semboller
lat	lat
meta	meta
analog	analog
talent	yetenek
dated	tarihli
wisdom	bilgelik
boundary	sınır
elite	seçkinler
gi	gi
believes	inanır
poems	şiirler
jurisdiction	yargı
robot	robot
displaying	sergileyen
witness	tanık
equipped	donanımlı
stages	aşamaları
sur	sur
acquired	Edinilen
assess	belirlemek
wash	yıkama
entrance	Giriş
declaration	deklarasyon
losing	kaybetme
attempts	denemeler
noble	asil
automation	otomasyon
impacts	etkiler
rev	devir
advantages	avantajları
knight	şövalye
aims	Amaçları
extensions	uzantılar
appeals	itirazlar
illness	hastalık
ho	ho
alternatives	alternatifleri
sh	sh
soap	sabun
jam	reçel
unusual	olağandışı
answered	cevap
destruction	imha
migration	göç
disorder	düzensizlik
conventional	Konvansiyonel
wearing	giyme
axis	eksen
sought	aranan
genes	genler
median	medyan
scanner	tarayıcı
herein	burada
animated	canlandırılmış
adjustment	ayarlama
hero	kahraman
treatments	tedaviler
attitude	tutum
carpet	halı
lenses	lensler
attended	katıldı
difficulty	zorluk
punk	punk
coalition	koalisyon
enrollment	kayıt
duke	dük
pace	hız
producers	üreticileri
arc	yay
interfaces	arayüzleri
atlas	Atlas
observation	gözlem
torture	işkence
deleted	silindi
coat	ceket
restoration	restorasyon
convenience	Kolaylık
returning	dönen
opposition	muhalefet
container	konteyner
defendant	sanık
supervisor	gözetmen
corps	kolordu
actors	aktörler
liver	karaciğer
liable	sorumlu
petition	dilekçe
antenna	anten
picked	seçilmiş
belief	inanç
killing	öldürme
shoulder	omuz
decor	dekor
ion	iyon
diameter	çap
podcast	podcast
interactions	etkileşimler
singer	şarkıcı
herald	haberci
aging	yaşlanma
intervention	müdahale
plugin	Eklenti
attraction	cazibe
diving	dalış
modification	değişiklik
suppose	varsaymak
reed	kamış
involve	dahil
moderate	ılımlı
mice	fareler
understood	anladım
rapidly	hızla
ban	yasak
assurance	güvence
happening	olay
vast	Muazzam
mills	üreticiler
outline	taslak
receives	aldığı
jeans	kot
compilation	derleme
odd	garip
sigma	sigma
gr	gr
attractive	çekici
occasion	fırsat
recordings	kayıtları
victim	kurban
demands	talepler
careful	dikkatli
beam	kiriş
gardening	Bahçıvanlık
obligations	yükümlülükleri
arrive	varmak
orchestra	orkestra
licence	lisans
adjustable	ayarlanabilir
allocation	tahsis
essay	deneme
demonstrated	gösterdi
dialogue	diyalog
camps	kampları
declared	beyan
trace	iz
shut	kapamak
packs	paketleri
ge	ge
installing	yükleme
switches	anahtarlar
voluntary	gönüllü
thou	sen
greatly	çokça
ng	ng
commonly	çoğunlukla
pe	pe
photographer	fotoğrafçı
cry	Ağla
quantum	kuantum
constructed	inşa
additions	ilave
requiring	gerektiren
arrow	ok
engagement	nişan
rough	kaba
weird	tuhaf
lion	aslan
weddings	düğün
oxygen	oksijen
canyon	kanyon
meters	metre
merely	sadece
calendars	takvimler
arrangement	aranjman
conclusions	sonuçlar
bibliography	kaynakça
pointer	Işaretçi
compatibility	uygunluk
stretch	Uzatmak
permits	izinler
cooperative	kooperatif
feeding	besleme
township	nahiye
rankings	sıralamaları
measuring	ölçme
strap	kayış
crowd	kalabalık
transfers	transferler
olympic	Olimpiyat
transformation	dönüşüm
dir	dir
customs	Gümrük
administrators	yöneticiler
personality	kişilik
hook	kanca
roulette	rulet
decline	düşüş
cord	kordon
cloud	bulut
facilitate	kolaylaştırmak
val	val
explains	açıklıyor
proceed	ilerlemek
feelings	duygular
knife	bıçak
adopt	benimsemek
denied	inkar
donation	bağış
outer	dış
crop	ekin
rivers	nehirler
nodes	düğümleri
cited	anılan
hub	merkez
targeted	Hedeflenen
realized	gerçekleştirilen
founder	kurucu
decade	onyıl
dispute	ihtilaf
tired	yorgun
adverse	ters
excerpt	alıntı
discharge	deşarj
drinks	içecekler
ace	as
voices	sesleri
climbing	Tırmanmak
tons	ton
perfume	parfüm
hazardous	tehlikeli
restore	geri
stack	yığın
methodology	metodoloji
reputation	itibar
democrats	demokratlar
hang	asmak
curve	eğri
creator	yaratıcı
amber	kehribar
museums	müzeler
coding	kodlama
tracker	takipçi
variation	varyasyon
passage	geçit
transferred	transfer
trunk	gövde
photograph	fotoğraf
waves	dalgalar
camel	deve
distributor	distribütör
chi	ki
gathering	toplama
projection	projeksiyon
mathematical	matematiksel
logical	mantıksal
sauce	Sos
fame	şöhret
specialized	uzman
corporations	şirketler
criticism	eleştiri
automobile	otomobil
judges	yargıçlar
remarks	Uyarılar
detected	algılandı
paintings	resimlerinde
walked	yürüdü
arising	yükselme
populations	popülasyonları
afraid	korkmuş
acoustic	akustik
cassette	kaset
indicator	gösterge
jpg	jpg
mistake	hata
eliminate	elemek
mineral	mineral
ruby	yakut
beads	boncuklar
fortune	servet
canvas	tuval
threshold	eşik
parish	kilise
screens	ekranlar
cemetery	mezarlık
stadium	stadyum
exploration	keşif
mins	dk
stem	kök
astronomy	astronomi
contests	yarışmalar
flu	grip
costume	kostüm
bikes	bisiklet
bishop	piskopos
pulled	çekti
corn	Mısır
compression	sıkıştırma
establishing	kuran
farmer	çiftçi
tin	teneke
slave	köle
instantly	anında
coaching	antrenörlük
examined	incelenen
encoding	kodlama
submissions	gönderimler
heroes	kahramanlar
painted	boyalı
portrait	portre
terrorist	terörist
ethical	ahlâki
carriers	taşıyıcılar
mobility	hareketlilik
struggle	mücadele
schemes	şemaları
suffering	çile
neutral	nötr
fisher	balıkçı
rat	sıçan
spears	mızraklar
joining	birleştirme
heading	başlık
artificial	yapay
bearing	yatak
spectacular	muhteşem
worlds	dünyalar
guilty	suçlu
activation	etkinleştirme
haven	sığınak
tablet	tablet
jury	jüri
dos	dos
tail	kuyruk
charm	çekicilik
violent	şiddetli
potentially	potansiyel
ranch	çiftlik
constraints	kısıtlamaları
crossing	geçit
inclusive	dahil
cottage	kulübe
drunk	sarhoş
considerable	önemli
crimes	suçları
resolved	kararlı
byte	bayt
nose	burun
branches	dalları
alien	yabancı
processors	işlemciler
broke	kırdı
complexity	karmaşa
constantly	sürekli
resolve	çözmek
territories	bölgeler
thesis	tez
discs	diskler
frequent	sık
ceiling	tavan
pixels	piksel
gen	gen
diamonds	elmaslar
fleet	filo
bunch	Demet
theoretical	teorik
referral	Referans
quit	çıkmak
protocols	protokolleri
lung	akciğer
substitute	vekil
brilliant	parlak
ti	ti
gel	jel
spoken	konuşulmuş
omega	omega
evaluated	değerlendirilir
stayed	kaldı
sees	görür
termination	sonlandırma
watched	izledi
households	hane
redeem	kurtarmak
grain	tahıl
regime	rejim
bull	Boğa
architectural	mimari
differ	farklılık
movements	hareketler
repairs	tamirat
breath	nefes
amenities	kolaylıklar
virtually	fiilen
mart	çarşı
candle	mum
hanging	asılı
colored	renkli
tale	masal
formerly	eskiden
projector	projektör
situated	bulunan
seeks	istiyor
strictly	kesinlikle
psychological	psikolojik
vitamins	vitaminler
elegant	zarif
gains	kazançlar
renewal	yenileme
genealogy	şecere
deemed	sayılır
scoring	puanlama
expenditure	harcama
critics	eleştirmenler
algorithms	algoritmalar
hacker	Hacker
salon	salon
turbo	turbo
cure	Çare
ni	ni
thinks	düşünüyor
suggestion	öneri
soldier	asker
bomb	bomba
harm	zarar
interval	Aralık
mirrors	aynalar
investigate	incelemek
thy	senin
panels	paneller
repeated	tekrarlanan
assault	saldırı
deer	geyik
tongue	dil
bowling	bowling
tri	tri
monkey	maymun
proportion	oran
skirt	etek
analyses	analizleri
drawings	çizimler
significance	önem
scenario	senaryo
ye	siz
arabic	Arapça
gauge	ölçü
protecting	koruyucu
faced	yüzlü
solving	çözme
produces	üretir
intensive	yoğun
chains	zincirler
sixth	altıncı
engage	tutmak
switching	anahtarlama
correspondence	yazışma
imports	ithalat
supervision	nezaret
expenditures	harcamalar
separation	ayırma
testimony	tanıklık
suspect	şüpheli
mandatory	zorunlu
boundaries	sınırları
celebration	kutlama
filtering	süzme
spouse	eş
exotic	egzotik
viewer	izleyici
reaching	ulaşan
laugh	gülmek
surgical	cerrahi
destroy	yıkmak
citation	alıntı
yo	yo
premises	tesislerinde
proved	kanıtlanmış
offensive	saldırgan
imperial	imparatorluk
dozen	düzine
deployment	yayılma
cloth	bez
lotus	lotus
salmon	Somon
cargo	kargo
directive	direktif
mate	Dostum
butter	Tereyağı
pepper	biber
weapon	silah
burden	yük
tapes	bantlar
zones	bölgeler
isle	ada
slim	ince
maple	akçaağaç
grocery	Bakkal
governing	yöneten
depot	depo
alt	alt
pie	turta
blend	harman
emission	emisyon
apparent	bariz
instructional	eğitici
permissions	izinler
toilet	tuvalet
ranked	sıralanmış
routes	rotalar
mounting	montaj
tied	bağlı
balanced	dengeli
delayed	gecikmiş
dale	vadi
calculation	hesaplama
villas	villalar
occasions	durumlar
equations	denklemler
oils	yağlar
sept	Eylül
exceptional	olağanüstü
anxiety	kaygı
spatial	uzaysal
respondents	katılımcıların
considerations	hususlar
pays	öder
sunny	güneşli
delivers	teslim
je	je
necklace	kolye
composite	karma
lang	lang
theaters	tiyatro
designing	tasarım
hopes	umutlar
assessments	değerlendirmeler
diagram	diyagram
footwear	ayakkabı
sg	sG
peoples	halklar
victor	galip
licenses	lisansları
ranges	aralıklar
pairs	çiftleri
sensitivity	duyarlılık
preservation	koruma
isolated	yalıtılmış
interim	geçici
assisted	yardımlı
divine	ilahi
approve	onaylamak
compound	bileşik
intensity	yoğunluk
technological	teknolojik
abortion	kürtaj
dialog	diyalog
venues	mekânları
blast	üfleme
addressing	adresleme
pole	kutup
shield	kalkan
membrane	zar
desperate	umutsuz
mothers	anneler
demonstration	gösteri
governmental	hükümet
manufactured	üretilmiş
candles	mumlar
variations	varyasyonlar
moms	anneler
sacred	kutsal
addiction	bağımlılık
chrome	krom
refused	reddetti
brake	fren
exterior	dış
greeting	selamlama
ecology	ekoloji
glen	vadi
unemployment	işsizlik
scored	attı
enhancement	artırma
clone	klon
velocity	hız
lambda	lambda
composed	oluşan
tears	gözyaşı
oasis	vaha
cab	taksi
fa	fa
societies	toplumlar
silicon	silikon
identical	özdeş
petroleum	petrol
compete	yarışmak
ist	ist
lover	sevgili
belong	ait
lips	dudaklar
escort	eskort
pond	gölet
ferry	feribot
rabbit	tavşan
profession	meslek
dam	baraj
physiology	fizyoloji
exports	ihracat
tire	lastik
participant	katılımcı
electron	elektron
loads	yükler
heather	funda
motel	motel
unions	sendikalar
treasury	hazine
occupied	meşgul
scales	terazi
strain	Gerginlik
arrested	tutuklandı
investigations	araştırmalar
gained	kazanmış
laundry	çamaşır
placing	yerleştirme
adjust	ayarlamak
assessed	değerlendirilen
encryption	şifreleme
filling	dolgu
imposed	uygulanan
silence	Sessizlik
soviet	Sovyet
possession	mülk
treaty	antlaşma
trainer	eğitimci
organ	organ
lemon	Limon
darkness	karanlık
span	karış
joke	şaka
packing	paketleme
statute	tüzük
rejected	reddedilen
shelter	barınak
chapel	tapınak
manufacture	üretim
layers	katmanlar
celebrate	kutlamak
appliance	cihaz
mixture	karışım
rider	binici
radius	yarıçap
impressive	etkileyici
sheep	koyun
architect	mimar
lectures	dersler
wines	şaraplar
cups	bardaklar
ash	kül
contributors	katkıda
salad	salata
violations	ihlalleri
temperatures	sıcaklıklar
competitions	yarışmalar
preserve	korumak
poem	şiir
staying	kalma
easter	Paskalya
theories	teoriler
repository	depo
streams	akışları
landing	iniş
executed	infaz
negotiations	müzakereler
realistic	gerçekçi
asks	sorar
synopsis	özet
composer	besteci
bean	fasulye
sword	kılıç
modifications	modifikasyonlar
coral	mercan
pixel	piksel
paths	yolları
bubble	kabarcık
por	por
acquire	kazanmak
contrary	aksi
tribune	tribün
vessel	Gemi
acids	asitler
viruses	virüsler
stickers	çıkartmalar
reactions	reaksiyonları
beliefs	inançlar
squad	takım
analyze	çözümlemek
divisions	bölünmeler
swim	yüzmek
nano	nano
concerts	konserler
males	erkek
retain	tutmak
colours	renkler
execute	gerçekleştirmek
tunnel	tünel
genres	türler
patents	patent
wheat	buğday
chronicles	kronikler
obtaining	edinme
beaver	kunduz
readings	kaynaklar
enlargement	genişleme
eagles	kartallar
bases	bazlar
accused	sanık
campaigns	kampanyalar
unity	birlik
defines	tanımlar
instances	örnekleri
indigenous	yerli
begun	başladı
packets	paketler
anchor	Çapa
socks	çorap
trigger	tetik
cholesterol	kolesterol
differential	diferansiyel
surfaces	yüzeyler
terrible	korkunç
routers	yönlendiriciler
clocks	saatler
arthritis	artrit
bios	bios
females	dişiler
reflects	yansıtır
taxation	vergilendirme
fever	ateş
cuisine	mutfak
surely	elbette
practitioners	uygulayıcıları
theorem	teorem
inflation	enflasyon
thee	sana
compounds	Bileşikler
drums	davul
reasonably	oldukça
bare	çıplak
radical	radikal
recommends	önerir
controlling	kontrol
treasure	hazine
flame	alev
pit	çukur
mono	mono
particles	parçacıklar
floating	yüzer
coordinate	koordinat
exclusively	sadece
limitation	sınırlama
struck	vurdu
illustration	örnekleme
warnings	uyarılar
construct	kurmak
apps	uygulamaların
inquiries	Araştırma
annex	ek
inspiration	ilham
freight	navlun
eclipse	tutulma
affects	etkiler
forecasts	tahminleri
detect	belirlemek
actively	aktif
complicated	karmaşık
injured	yaralı
expressions	ifade
ton	ton
courier	kurye
hints	ipuçları
gif	gif
conflicts	çatışmalar
beverage	içecek
tribute	haraç
immune	bağışık
forestry	ormancılık
barriers	engeller
cant	can
rarely	nadiren
offerings	teklifleri
barrier	bariyer
bicycle	bisiklet
furnishings	mobilya
arise	ortaya
celtic	Kelt
particle	parçacık
humidity	nem
bottles	şişeler
dm	dm
renaissance	Rönesans
ordinance	yönetmelik
photographers	fotoğrafçılar
infections	enfeksiyonlar
chess	satranç
operates	faaliyet
festivals	festivaller
possibilities	olasılıklar
duck	ördek
canal	kanal
contributing	katkı
cow	inek
analytical	analitik
costumes	kostüm
strict	sıkı
circulation	dolaşım
offense	suç
assumption	varsayım
hobby	hobi
tries	çalışır
invention	icat
technician	teknisyen
executives	yöneticiler
enquiries	Araştırma
cognitive	bilişsel
exploring	keşfetmek
trick	hile
enquiry	soruşturma
closure	kapatma
timber	kereste
volt	volt
intense	yoğun
supporters	destekçileri
statutes	tüzük
enrolled	kaydedilmiş
sensors	sensörler
screw	vida
ministers	bakanlar
publicly	alenen
suffered	acı
intake	giriş
butterfly	kelebek
mechanics	mekanik
headers	başlıkları
mistakes	hatalar
numerical	sayısal
defining	tanımlarken
counting	sayma
reflection	yansıma
invitation	davetiye
sodium	sodyum
hormone	hormon
childrens	çocuk
brick	tuğla
grip	kavrama
medieval	Ortaçağ
porcelain	porselen
captured	yakalanan
decent	terbiyeli
casting	döküm
translated	tercüme
donna	donna
warrior	savaşçı
cabin	kabin
scanning	tarama
polo	polo
copying	kopyalama
horn	Boynuz
journalism	gazetecilik
frog	kurbağa
grammar	dilbilgisi
intention	niyet
tires	lastikler
undertaken	üstlenilen
hazard	tehlike
episodes	bölüm
circular	dairesel
anger	öfke
illustrations	çizimler
chances	şansı
happiness	mutluluk
bizarre	tuhaf
ur	ur
fruits	meyve
identifier	tanımlayıcı
ribbon	kurdele
calculations	hesaplamalar
jpeg	jpeg
startup	başlamak
handy	kullanışlı
swap	takas
exempt	muaf
crops	bitkileri
reduces	azaltır
accomplished	başarılı
geometry	geometri
impression	izlenim
guild	lonca
correlation	bağıntı
sim	sim
nervous	sinir
fragrance	koku
replica	kopya
tribe	kabile
trades	işlemler
superb	muhteşem
rid	kurtulmuş
trinity	üçlü
handled	ele
legends	efsaneler
boom	Boom
calm	sakin
champions	şampiyonlar
floors	katlar
selections	seçimleri
comparing	karşılaştıran
speaks	konuşur
vocational	mesleki
pharmacies	eczaneler
ln	ln
roller	rulman
batch	yığın
organize	düzenlemek
appreciated	takdir
alter	değiştirmek
edges	kenarları
mixing	karıştırma
handles	kolları
harmony	armoni
distinguished	seçkin
asthma	astım
assumptions	varsayımlar
regulated	düzenlenmiş
triangle	üçgen
amend	değiştirmek
anticipated	beklenen
oriental	oryantal
reward	ödül
hydrogen	hidrojen
comparable	karşılaştırılabilir
advocate	savunucu
confusion	karışıklık
inputs	girişler
warranties	garantiler
genome	genom
medal	madalya
coaches	koçlar
vessels	gemiler
harbour	liman
eco	eko
vulnerable	savunmasız
arrange	düzenlemek
artistic	artistik
honors	onur
reflected	yansıtılan
unified	birleşik
breed	doğurmak
detector	detektör
ignored	ihmal
precise	kesin
evaluating	değerlendirilmesi
lip	dudak
gather	toplamak
forming	şekillendirme
journalists	gazeteciler
slight	hafif
indirect	dolaylı
amongst	arasında
foundations	temeller
horizon	ufuk
nu	nu
deeply	derinden
liabilities	yükümlülükler
prizes	ödülleri
decreased	azalmış
describing	açıklayan
optics	optik
pursue	sürdürmek
lightning	Şimşek
ou	ou
quotations	alıntılar
inspector	müfettiş
snake	yılan
reminder	hatırlatma
searched	arandı
plains	ovalar
insights	anlayışlar
abilities	yetenekleri
initiated	başlatılan
karaoke	karaoke
trap	tuzak
lonely	yalnız
ve	ettik
observe	gözlemek
containers	konteynerler
attitudes	tutumlar
berry	dut
collar	yaka
integrate	birleştirmek
sociology	sosyoloji
exhibits	sergileyen
dies	kalıp
terrace	teras
bacteria	bakteriler
ought	gerektiğini
delicious	lezzetli
traditions	gelenekler
finite	sınırlı
sends	gönderir
durable	dayanıklı
allied	müttefik
moisture	nem
transform	dönüştürmek
timer	kronometre
tablets	tabletler
gotten	kazanılmış
educators	eğitimciler
vegetable	sebze
verse	ayet
independently	bağımsız
competitors	rakipler
rocket	roket
aye	evet
bullet	mermi
towers	kuleler
visibility	görünürlük
latitude	enlem
consciousness	bilinç
tumor	tümör
ugly	çirkin
deposits	mevduat
mistress	metres
encounter	karşılaşma
watts	watt
forty	kırk
tubes	borular
attempted	teşebbüs
priest	rahip
analysts	analistler
hammer	çekiç
invasion	istila
runner	koşucu
rows	satırlar
administered	uygulanan
notion	kavram
spelling	yazım
arctic	Arktik
rewards	ödülleri
beneath	altında
strengthen	güçlendirmek
defend	savunmak
infrared	kızılötesi
seventh	yedinci
belly	göbek
aggressive	agresif
advertisements	reklamlar
quarters	kışla
stolen	çalıntı
determines	belirleyen
sculpture	heykel
poly	poli
ears	kulaklar
fist	yumruk
neo	neo
motivation	motivasyon
passengers	yolcular
consistently	sürekli
surplus	fazlalık
dig	kazmak
taxi	taksi
appreciation	takdir
om	om
restriction	kısıtlama
guitars	gitarlar
essence	öz
mighty	güçlü
humanity	insanlık
transcription	transkripsiyon
complications	komplikasyonlar
scholars	alimler
galaxy	gökada
caring	sempatik
testament	ahit
dominant	baskın
stomach	mide
partially	kısmen
minimize	küçültmek
ranks	rütbeler
debut	ilk
generations	nesiller
tournaments	turnuvalar
deny	reddetmek
anatomy	anatomi
headphones	kulaklık
fraction	kesir
trio	üçlü
proceeding	işlem
cube	küp
defects	kusurlar
uncertainty	belirsizlik
breakdown	Yıkmak
settled	yerleşik
vaccine	aşı
fate	kader
bookings	rezervasyon
republicans	cumhuriyetçiler
jungle	orman
zen	Zen
dis	dis
prediction	tahmin
ecological	ekolojik
oval	oval
implies	ima
ser	ser
appraisal	değerlendirme
prospect	olasılık
geographical	coğrafi
donor	verici
tension	gerginlik
trash	çöp
shapes	şekiller
tier	aşama
earl	Kont
homeland	vatan
championships	şampiyona
breeds	ırkları
disco	disko
aus	aus
finishing	bitirme
emotions	duygular
eternal	sonsuz
rotation	rotasyon
nam	nam
productive	üretken
boulevard	bulvar
pig	domuz
metric	metrik
penalties	cezalar
varied	çeşitli
grande	grande
actress	aktris
assign	atamak
accommodate	Karşılamak
tigers	kaplanlar
villages	köyler
shade	gölge
chorus	Koro
rhythm	ritim
digit	hane
symphony	senfoni
sudden	ani
accepting	kabul
pools	havuzlarda
lyric	lirik
isolation	izolasyon
speeds	hızlar
sustained	sürekli
matched	eşleşti
approximate	yaklaşık
rope	Halat
rational	akılcı
programmer	programcı
fighters	savaşçıları
inherited	miras
incomplete	tamamlanmamış
vocals	vokal
fountain	Çeşme
legitimate	meşru
biographies	biyografiler
investigator	araştırmacı
plaintiff	davacı
gentle	nazik
worthy	layık
architects	mimarlar
saints	azizler
entrepreneur	girişimci
carries	taşır
duo	düet
excessive	aşırı
saves	kaydeder
regarded	kabul
valuation	değerleme
unexpected	beklenmedik
fog	sis
characteristic	karakteristik
lobby	lobi
outlined	özetlenen
enormous	muazzam
karma	karma
consist	oluşmaktadır
queens	kraliçeler
academics	akademisyenler
tribes	kabileler
distinction	ayrım
hazards	tehlikeler
exemption	muafiyet
tenant	kiracı
sustainability	Sürdürülebilirlik
tattoo	dövme
algebra	cebir
shadows	gölgeler
silly	saçma
freely	serbestçe
mild	hafif
fur	kürk
readily	kolayca
affiliation	üyelik
fence	çit
infinite	sonsuz
clan	klan
revolutionary	devrimci
bracelets	bilezikler
remedy	çare
breathing	nefes
briefly	kısaca
thickness	kalınlık
graphical	grafik
genius	deha
discussing	tartışılması
fighter	savaşçı
meaningful	anlamlı
adapted	uyarlanmış
estates	Emlak
rug	kilim
democrat	demokrat
borough	ilçe
maintains	korur
ka	ka
retained	muhafaza
marble	mermer
dem	dem
meditation	meditasyon
microphone	mikrofon
combining	birleştirme
giants	devleri
organizing	düzenleme
memo	not
ham	jambon
solved	çözülmüş
tide	gelgit
partition	bölme
invisible	görünmez
consoles	konsolları
magnet	mıknatıs
translations	çeviriler
jaguar	jaguar
commodity	emtia
kilometers	kilometre
guarantees	garantiler
gothic	Gotik
cylinder	silindir
witch	cadı
buck	dolar
enemies	düşmanları
consultancy	danışmanlık
enjoying	keyfi
patrol	devriye
smell	koku
carnival	karnaval
roughly	kabaca
sticker	etiket
promises	sözler
reef	resif
divide	bölmek
consecutive	ardışık
bon	bon
representations	gösterimleri
chan	chan
tunes	melodileri
mas	mas
phrases	ifadeler
kai	kai
peninsula	yarımada
boring	sıkıcı
dom	dom
speeches	konuşmalar
reaches	ulaşır
schema	şema
catalogs	kataloglar
ministries	bakanlıklar
parliamentary	meclis
prefix	önek
savannah	savan
barrel	varil
nerve	sinir
dans	dans
planets	gezegenler
deficit	açık
renew	yenilemek
coupled	bağlanmış
circuits	devreler
texture	doku
acknowledge	kabul
tent	çadır
identifies	tanımlar
qualification	vasıf
locks	kilitler
miniature	minyatür
euros	Euro
pirates	korsanlar
aerial	hava
hawk	şahin
consequence	sonuç
systematic	sistematik
perceived	algılanan
origins	kökenleri
hired	kiralanmış
makeup	makyaj
ui	ui
weights	ağırlıklar
geological	jeolojik
lasting	kalıcı
wicked	kötü
introduces	tanıtır
pushed	itilmiş
ro	ro
slope	eğim
poet	şair
conspiracy	komplo
theology	ilahiyat
nails	çiviler
evident	belirgin
rides	sürmek
epic	epik
organizer	organizatör
allergy	alerji
sake	uğruna
combinations	kombinasyonlar
preceding	önceki
merit	hak
enzyme	enzim
planes	düzlemler
disks	diskler
amplifier	amplifikatör
arbitrary	keyfi
prominent	belirgin
sans	sans
builds	kurar
contacted	temas
shaft	şaft
lean	yağsız
occasional	nadiren
innovations	yenilikler
reviewing	gözden
panic	panik
citizenship	vatandaşlık
excuse	bahane
reforms	reformlar
onion	soğan
sandwich	sandviç
alto	alto
hierarchy	hiyerarşi
abandoned	terkedilmiş
circles	çevreler
beats	atım
merry	şen
cult	tarikat
dash	tire
passive	pasif
valued	değerli
cage	kafes
courage	cesaret
elevation	yükseklik
lap	kucak
utilization	kullanım
beverages	içkiler
ping	ping
entertaining	eğlenceli
prerequisite	önkoşul
frontier	sınır
refugees	mülteciler
knights	şövalyeler
hypothesis	hipotez
medicines	ilaçlar
altered	değişmiş
doctrine	doktrin
scenic	manzara
enhancements	geliştirmeleri
intersection	kesişim
sewing	dikiş
collectors	toplayıcıları
recognised	tanınan
rage	öfke
prix	prix
astrology	astroloji
advisors	danışmanları
pavilion	köşk
tactics	taktik
supplemental	tamamlayıcı
talented	yetenekli
pillow	yastık
spreading	yayma
provinces	taşra
steal	çalmak
parcel	parsel
incidence	oran
fears	endişe
predict	tahmin
flavor	lezzet
hungry	aç
metallic	madeni
interference	girişim
warriors	savaşçı
atmospheric	atmosferik
halo	hale
parental	ebeveyn
referenced	başvurulan
strikes	vurur
ant	karınca
proposition	önerme
apt	uygun
dealt	ele
trader	tüccar
thrown	atılmış
criterion	kriter
badge	rozet
civilization	medeniyet
heath	funda
tremendous	muazzam
performs	gerçekleştirir
realm	Diyar
corrected	düzeltilmiş
helmet	kask
encountered	karşılaşılan
tsunami	tsunami
scholar	akademisyen
surrounded	çevrili
geology	jeoloji
creatures	yaratıklar
cleared	temizlenir
accomplish	başarmak
corners	köşeleri
vegetarian	vejetaryen
yeast	Maya
pas	pas
investigated	araştırılmıştır
ambassador	büyükelçi
coated	kaplanmış
doom	kader
routines	rutinleri
beings	varlıklar
reliance	güven
myth	efsane
brook	dere
fu	fu
phenomenon	fenomen
ensemble	topluluk
assured	emin
conscious	bilinçli
accent	Aksan
wives	eşleri
utilize	yararlanmak
pledge	rehin
vampire	vampir
dock	rıhtım
organised	örgütlü
musician	müzisyen
limiting	sınırlayıcı
restored	restore
hint	ipucu
armor	zırh
remark	düşünce
dozens	onlarca
varies	değişir
reasoning	muhakeme
guards	gardiyanlar
openings	açıklıklar
replacing	yerine
researcher	araştırmacı
councils	konseyler
occupations	meslekler
acknowledged	tanınan
pork	domuz
zu	zu
equilibrium	denge
pipes	borular
cottages	evler
merge	birleşmek
privilege	ayrıcalık
develops	geliştirir
chassis	şasi
estimation	tahmin
barn	ahır
frost	don
institutes	enstitüleri
mold	kalıp
dame	kadın
yacht	yat
prefers	tercih
drilling	delme
herb	ot
breach	ihlal
whale	balina
traveller	gezgin
appropriations	ödenek
suspected	şüpheli
tomatoes	domates
instructors	eğitmenler
momentum	moment
fin	yüzgeç
pastor	papaz
mud	çamur
emerald	zümrüt
grows	büyür
tract	sistem
ul	ul
ballet	bale
journalist	gazeteci
religions	dinler
garlic	Sarımsak
shine	parlaklık
explosion	patlama
briefs	külot
signatures	imzalar
ozone	ozon
disciplines	disiplinler
casa	casa
conversations	konuşmaları
radios	radyolar
tariff	tarife
simplified	basitleştirilmiş
muscles	kaslar
swift	hızlı
vagina	vajina
champagne	Şampanya
deviation	sapma
samba	samba
employ	kullanmak
penguin	penguen
magical	büyülü
influences	etkiler
inspections	denetimler
irrigation	sulama
miracle	mucize
hydraulic	hidrolik
penetration	nüfuz
wound	yara
belle	belle
rosa	rosa
conviction	mahkumiyet
lazy	tembel
qualities	nitelikleri
fathers	babalar
charging	doldurma
importantly	önemlisi
petite	minyon
apparatus	cihaz
terrain	arazi
explaining	açıklayan
strips	şeritler
nomination	adaylık
empirical	deneysel
worm	solucan
dependence	bağımlılık
discrete	ayrık
beginner	acemi
lid	kapak
sexuality	cinsellik
sapphire	safir
privileges	ayrıcalıkları
specializing	uzmanlaşmış
marking	işaretleme
sheriff	şerif
declined	reddedildi
spies	casuslar
motorcycles	motosikletler
elect	seçilmiş
highways	karayolları
concentrate	yoğunlaşmak
intimate	samimi
molecules	moleküller
rounds	mermi
refrigerator	buzdolabı
intervals	aralıkları
sentences	cümleler
holocaust	soykırım
flyer	pilot
peas	bezelye
dosage	dozaj
variance	varyans
navigator	denizci
needle	iğne
baths	hamam
brakes	frenler
og	og
ko	ko
owns	sahibi
destiny	Kader
landscapes	manzaralar
computation	hesaplama
hay	saman
salvation	kurtuluş
predictions	tahminler
learners	öğrenenler
token	jeton
zinc	çinko
sacrifice	kurban
seekers	arayanlar
guru	guru
suited	uygun
numeric	sayısal
anthropology	antropoloji
emperor	imparator
grad	mezun
belts	kemerleri
blacks	siyahlar
educated	eğitimli
proudly	gururla
necessity	zorunluluk
curves	eğrileri
touring	gezici
vertex	tepe
tomato	domates
travels	Now
pale	soluk
functioning	işleyen
economies	ekonomiler
undertake	üstlenmek
declare	bildirmek
valves	valfler
gaps	boşluklar
achievements	başarılar
tear	gözyaşı
teaches	öğretir
nil	sıfır
stranger	yabancı
nest	yuva
tribunal	mahkeme
ruled	çizgili
pensions	emekli
prayers	namaz
cop	polis
adolescent	genç
nominations	aday
banana	muz
introductory	tanıtıcı
reservoir	rezervuar
occurrence	olay
idol	idol
bloody	kanlı
remind	hatırlatmak
charming	büyüleyici
tooth	diş
respected	itibarlı
stays	kalır
affair	mesele
restrict	kısıtlamak
mines	mayınlar
portraits	portreler
interpreted	yorumlanır
evaluations	değerlendirmeler
elimination	eliminasyon
metres	metre
hypothetical	farazi
helicopter	helikopter
pencil	kalem
performer	sanatçı
commissions	komisyonlar
sphere	küre
moss	yosun
ratios	oranlar
concord	uyum
graduated	mezun
endorsed	onaylanan
surprising	şaşırtıcı
lance	mızrak
ladder	merdiven
cork	mantar
senators	senatörler
bleeding	kanama
characterization	niteleme
likelihood	olasılık
lanes	şerit
fundamentals	temelleri
contamination	bulaşma
dome	kubbe
bless	kutsamak
negotiation	müzakere
crest	ibik
opponents	rakipler
triumph	zafer
nominated	aday
welding	kaynak
orgasm	orgazm
alloy	alaşım
plots	araziler
gently	nazikçe
locking	kilitleme
controversial	kontrollü
draws	çizer
fridge	buzdolabı
blades	bıçaklar
loops	döngüler
surge	dalgalanma
trauma	travma
advert	ilan
defensive	savunma
forbidden	yasak
vanilla	vanilya
programmers	programcılar
monitored	izlenen
installations	tesisat
souls	ruhlar
motivated	motive
dumb	dilsiz
hollow	oyuk
vault	tonoz
groove	oluk
revelation	vahiy
pursuit	kovalama
delegation	delegasyon
wires	teller
dictionaries	sözlükleri
transparency	şeffaflık
orbit	yörünge
currencies	para
niger	Nijer
positioning	konumlandırma
colony	koloni
cannon	top
circus	sirk
promoted	terfi
trout	alabalık
feat	ustalık
temporarily	geçici
cooked	pişmiş
transmit	iletmek
frequencies	frekansları
reflections	yansımalar
hunger	açlık
municipality	belediye
detective	dedektif
cement	çimento
experiencing	yaşandığı
fireplace	şömine
endorsement	ciro
textiles	tekstil
missile	füze
psychiatry	psikiyatri
assists	asist
auditor	denetçi
violin	keman
prophet	peygamber
oxide	oksit
magnificent	muhteşem
promptly	derhal
adaptation	adaptasyon
harmful	zararlı
sexually	cinsel
enclosure	kuşatma
glucose	glikoz
norm	norm
playback	playback
turtle	kaplumbağa
distances	mesafeler
absorption	emme
treasures	hazineler
fossil	fosil
badly	kötü
communist	komünist
entrepreneurs	girişimciler
robots	robotlar
foul	faul
biodiversity	biyoçeşitlilik
excitement	heyecan
verbal	sözlü
seas	denizler
mysterious	gizemli
novelty	yenilik
tiles	fayans
librarian	kütüphaneci
switched	anahtarlamalı
ru	ru
pose	poz
grams	gram
therapist	terapist
budgets	bütçeleri
goat	keçi
render	kılmak
sail	yelken
commissioners	komisyon
dense	yoğun
brave	cesur
forwarding	nakliye
awful	korkunç
airplane	uçak
organisms	organizmalar
telescope	teleskop
asbestos	asbest
advancement	ilerleme
willow	Söğüt
resumes	özgeçmiş
existed	var
generators	jeneratörler
generates	üretir
potatoes	patates
thorough	tam
receptors	reseptörleri
optimum	Optimum
creature	yaratık
lone	yalnız
subtle	ince
stripes	çizgili
firmware	firmware
shepherd	çoban
cradle	beşik
chancellor	rektör
flour	un
controversy	tartışma
legendary	efsanevi
choir	koro
avoiding	kaçınma
beautifully	güzel
expects	beklediğini
jumping	atlama
fabrics	kumaşlar
polymer	polimer
hygiene	temizlik
virtue	Erdem
surgeons	cerrahlar
mandate	manda
corpus	külliyat
terminology	terminoloji
gentleman	beyefendi
convicted	suçlu
jets	jetleri
indices	endeksleri
qui	qui
threatening	tehdit
activists	eylemciler
prisoner	tutsak
encourages	teşvik
assembled	birleştirilmiş
terminals	terminalleri
crude	ham
examines	inceler
viking	viking
cleanup	Temizlemek
conditional	şartlı
attacked	saldırıya
arrives	geldiğinde
translator	çevirmen
automobiles	otomobiller
tractor	traktör
continent	kıta
fares	ücretler
longitude	boylam
hoped	ümit
insertion	sokma
constraint	kısıtlama
strengthening	güçlendirme
wishing	isteyen
insulation	izolasyon
infringement	ihlal
bent	kıvrılmış
subjective	öznel
monsters	canavarlar
asylum	iltica
stake	kazık
cocktail	kokteyl
varieties	çeşitleri
poison	zehir
dominated	hakim
costly	pahalı
derivatives	türevler
prevents	önler
rifle	tüfek
racism	ırkçılık
interpret	yorumlamak
accord	anlaşma
modest	mütevazi
gamers	oyuncular
sorting	sınıflandırma
liaison	irtibat
bulbs	ampuller
tourists	turistler
behaviors	davranışlar
clarify	açıklamak
waist	bel
attributed	atfedilen
owl	baykuş
crystals	kristaller
exceeds	aşan
complementary	tamamlayıcı
battles	savaşlar
bitter	acı
memorandum	muhtıra
dragons	ejderha
din	gürültü
incredibly	inanılmaz
delegates	delegeler
psychiatric	psikiyatrik
teenagers	gençler
courtyard	avlu
presidents	başkanlar
depart	ayrılmak
expressly	açıkça
lily	zambak
oversight	gözetim
resin	reçine
allies	Müttefikler
preserved	korunmuş
crossed	çarpı
ascending	yükselen
nominal	nominal
decay	çürüme
quartz	kuvars
registers	kayıtlar
eighth	sekizinci
authorised	yetkili
improves	geliştirir
advocates	savunucuları
phenomena	fenomenler
tilt	eğim
granite	granit
masses	kitleler
athlete	atlet
franc	frank
similarity	benzerlik
leak	sızıntı
adviser	danışman
booklet	kitapçık
expecting	bekliyor
turnover	devir
urine	idrar
towel	havlu
ginger	zencefil
chromosome	kromozom
als	als
flies	sinekler
competence	yetki
crying	ağlayan
amateurs	amatör
crane	vinç
investigating	soruşturma
rotten	çürük
habit	alışkanlık
honour	Onur
protects	korur
iris	iris
manages	yönetir
erosion	erozyon
carpenter	marangoz
khan	Kağan
insufficient	yetersiz
formulation	formülasyon
clever	zeki
lords	Lordlar
enjoyable	zevkli
crescent	hilâl
sixty	altmış
concentrated	konsantre
distinguish	ayırmak
ei	ei
projections	projeksiyonlar
spark	kıvılcım
securing	sabitleme
pathway	patika
detectors	dedektörler
spike	başak
ingredient	bileşen
curtain	perde
disclosed	ifşa
tactical	taktik
pilots	pilotlar
expedition	sefer
operative	faal
humour	Mizah
mol	mol
imprint	damga
assisting	yardım
defect	kusur
poorly	kötü
goddess	tanrıça
observers	gözlemciler
magnets	mıknatıslar
formulas	formüller
spacious	geniş
argues	savunuyor
soils	topraklar
organs	organlar
det	det
loyalty	bağlılık
faithful	sadık
offence	suç
lithium	lityum
leap	sıçrama
founding	kurucu
swan	kuğu
planting	Ekim
covenant	antlaşma
archaeology	arkeoloji
sailor	denizci
cares	bakımları
sanctuary	barınak
statue	heykel
quotation	alıntı
majors	binbaşı
manipulation	hile
bells	çanlar
toxicity	toksisite
transmitter	verici
neighborhoods	mahalleler
trophy	ganimet
emotion	duygu
sights	manzaraları
uniforms	üniformalar
wounded	yaralı
derivative	türev
occupancy	işgal
doses	dozlar
educate	Eğitmek
prejudice	önyargı
technicians	teknisyenleri
probable	muhtemel
issuance	yayınlama
decoration	dekorasyon
nationals	uyruklu
trojan	Truva
assistants	yardımcıları
counselor	danışman
enacted	yürürlüğe
unstable	kararsız
urged	çağırdı
reflecting	yansıtan
gaining	kazanma
definitive	kesin
traveled	seyahat
adapt	uyarlamak
accession	katılım
regulator	regülatör
fuels	yakıtlar
soy	soya
neat	temiz
naming	adlandırma
stern	kıç
crafted	hazırlanmış
idiot	salak
comprised	oluşan
aliens	uzaylılar
edits	düzenlemeler
raven	kuzgun
dwelling	Konut
symbolic	sembolik
angles	açılar
pressures	basınçları
venus	Venüs
flames	alevler
primitive	ilkel
stocking	çorap
ecosystem	ekosistem
halls	salonları
simplicity	basitlik
demon	iblis
welcomed	karşıladı
notation	notasyonu
aunt	teyze
crow	karga
semantic	anlamsal
discontinued	durdurulan
decides	karar
globalization	küreselleşme
asses	eşekler
compass	pusula
evolved	gelişti
infantry	piyade
renowned	ünlü
corridor	koridor
philosophical	felsefi
justification	gerekçe
vacant	boş
fixing	sabitleme
gram	gram
hiding	gizleme
dye	boya
alphabet	alfabe
cleaned	temizlenir
honored	şerefli
optic	optik
telephones	telefonlar
diaries	günlükler
grief	keder
sweat	ter
dolphin	Yunus
wonders	harikaları
ventilation	havalandırma
masks	maskeler
bust	büst
alley	geçit
pathways	yolları
telegraph	telgraf
monument	anıt
formally	resmen
dew	çiy
withdrawn	çekilmiş
debates	tartışmalar
identities	kimlikler
deficiency	eksiklik
saddle	sele
malaria	sıtma
loyal	sadık
tendency	eğilim
utilized	kullanılan
ein	ein
binoculars	dürbün
initiate	başlatmak
purely	yalnızca
vivid	canlı
allegations	iddialar
corresponds	tekabül
daemon	şeytan
celebrated	ünlü
hunters	avcılar
acted	hareket
coefficient	katsayı
skull	kafatası
continuation	devam
servant	hizmetçi
falcon	şahin
jointly	ortaklaşa
avoided	kaçınılması
explanations	açıklamalar
renewed	yenilenmiş
critic	eleştirmen
sediment	tortu
squares	kareler
vans	minibüsler
cone	koni
survived	hayatta
prevalence	yaygınlık
fragment	fragman
commits	taahhüt
cobra	kobra
threw	attı
hoc	hoc
performers	sanatçılar
dessert	tatlı
dissertation	tez
ninth	dokuzuncu
enthusiasm	coşku
celebrations	kutlamaları
governors	valiler
atoms	atomları
tissues	Dokular
ramp	rampa
nicely	güzelce
della	della
domination	egemenlik
chords	akor
impairment	bozulma
molecule	molekül
