von	из
zu	в
im	в
zum	для
ist	является
auf	на
Das	что
durch	от
Dies	это
mit	с
ich	я
Sie	вы
es	Это
oder	или
Sein	быть
sind	находятся
beim	в
alle	все
haben	иметь
Neu	новый
wir	мы
werden	будем
Zuhause	Главная
uns	нас
Über	около
ob	если
Seite	страница
meine	мой
hat	имеет
Suche	поиск
frei	свободно
aber	но
unser	наш
ein	один
andere	Другие
machen	делать
Information	Информация
Zeit	время
er	он
welche	который
ihr	их
Nachrichten	Новости
benutzen	использование
Dort	там
sehen	видеть
damit	так
Wer	кто
Netz	Web
ebenfalls	также
bekommen	получить
pm	вечера
Aussicht	Посмотреть
c	с
e	е
zuerst	первый
gewesen	было
würde	бы
wurden	мы
s	s
mögen	как
x	Икс
als	чем
finden	найти
Preis	цена
zurück	назад
oben	Вверх
Menschen	люди
hätten	имел
Liste	список
Name	имя
gerade	просто
Jahr	год
Tag	день
in	в
zwei	два
Gesundheit	здоровье
n	N
Re	ре
benutzt	используемый
gehen	идти
b	б
letzte	последний
machen	делать
Sie	их
sollte	должен
Produkt	продукт
System	система
Post	после
ihr	ее
Stadt	город
t	T
Politik	политика
Nummer	номер
Unterstützung	поддержка
Botschaft	сообщение
nach	после
dann	тогда
Januar	январь
gut	хорошо
d	d
woher	где
Info	Информация
Rechte	права
Bücher	книги
hoch	высокая
Schule	школа
m	м
jeder	каждый
Links	связи
sie	она
Jahre	лет
Auftrag	заказ
sehr	очень
Buch	книга
Artikel	Предметы
Unternehmen	Компания
r	р
lesen	читать
Gruppe	группа
Sex	секс
viele	многие
Benutzer	пользователь
de	де
einstellen	задавать
Allgemeines	Генеральная
Forschung	исследование
Universität	Университет
Januar	январь
Post	почта
voll	полный
Bewertungen	отзывы
Programm	программа
kennt	знать
Spiele	игры
Weg	путь
Tage	дней
p	п
Teil	часть
könnte	мог
groß	Великий
vereinigt	единый
echt	реальный
f	е
International	Международный
Center	центр
Reise	путешествовать
Bemerkungen	Комментарии
gemacht	сделал
Entwicklung	развитие
Bericht	доклад
Mitglied	член
Einzelheiten	Детали
Linie	линия
Bedingungen	сроки
Vor	до
Hotels	отели
tat	сделал
senden	Отправить
Recht	правильно
Art	тип
lokal	местный
jene	те
Ergebnisse	Результаты
Büro	офис
National	национальный
Auto	автомобиль
Design	дизайн
nehmen	принимать
Gesendet	отправил
Adresse	адрес
Gemeinschaft	сообщество
innerhalb	в
Zustände	состояния
wollen	хотеть
Telefon	Телефон
DVD	DVD
Gegenstand	предмет
zwischen	между
Forum	Форум
Familie	семья
l	L
lange	длинный
w	вес
Show	показать
O	о
sogar	даже
schwarz	черный
Besondere	особый
Index	индекс
Sein	являющийся
Frau	женщины
viel	много
Schild	знак
Datei	файл
Verknüpfung	ссылка
öffnen	открытый
Süd	юг
Fall	дело
Projekt	проект
Seiten	страницы
Ausführung	версия
Sektion	раздел
besitzen	своя
Haus	дом
Sicherheit	безопасность
G	г
Bezirk	округ
amerikanisch	американский
Foto	Фото
Spiel	игра
Mitglieder	члены
Leistung	мощность
Netzwerk	сеть
Computer	компьютер
Systeme	системы
drei	три
Ort	место
Ende	конец
h	час
ihm	его
pro	в
Zugriff	доступ
denken	думать
Norden	север
Ressourcen	Ресурсы
Strom	текущий
groß	большой
Medien	СМИ
Recht	закон
Steuerung	контроль
Wasser	воды
Geschichte	история
Größe	размер
persönlich	личный
führen	руководство
Geschäft	магазин
Verzeichnis	каталог
Veränderung	изменение
Weiß	белый
Text	текст
klein	маленький
Wertung	рейтинг
Bewertung	ставка
Regierung	правительство
Kinder	дети
Rückkehr	вернуть
Studenten	студенты
v	v
Konto	Счет
mal	раз
Niveau	уровень
Digital	цифровой
Profil	профиль
Bisherige	предыдущий
bilden	форма
Veranstaltungen	Мероприятия
Liebe	люблю
alt	старый
John	Джон
Main	главный
Anruf	вызов
Bild	образ
Abteilung	отдел
Titel	заглавие
nicht	не
k	К
y	Y
Versicherung	страхование
soll	должен
Eigentum	имущество
Klasse	класс
CD	CD
Qualität	качественный
jeden	каждый
Auflistung	список
Inhalt	содержание
Land	страна
wenig	немного
Werkzeuge	инструменты
niedrig	низкий
Antworten	Ответить
Kunde	клиент
Dezember	Декабрь
vergleichen	сравнить
Filme	кино
Hochschule	колледж
Wert	стоимость
Artikel	статья
Mann	человек
Arbeitsplätze	работы
j	J
Lebensmittel	питание
Autor	автор
anders	другой
u	U
lernen	учить
Verkauf	продажа
drucken	Распечатать
Kurs	курс
Job	работа
Zimmer	комната
Stock	акции
Ausbildung	обучение
auch	слишком
Kredit	кредит
Punkt	точка
Wissenschaft	наука
Männer	люди
Kategorien	категории
Westen	запад
aussehen	смотреть
Englisch	английский
Mannschaft	команда
Gut	имущество
Box	коробка
Bedingungen	условия
Fotos	фото
Fröhlich	гей
Faden	нить
Kategorie	категория
Hinweis	заметка
Leben	жить
groß	большой
Galerie	галерея
Tabelle	Таблица
jedoch	Однако
Juni	июнь
Oktober	октябрь
November	ноябрь
Markt	рынок
Bibliothek	библиотека
Aktion	действие
Anfang	Начало
Serie	серии
Eigenschaften	функции
Luft	воздух
Industrie	промышленность
planen	план
Mensch	человек
Ja	да
zweite	второй
heiß	горячий
Kosten	Стоимость
Film	кино
Foren	форумы
März	Март
la	ля
September	сентябрь
sagen	сказать
gehen	собирается
medizinisch	медицинская
Freund	друг
Dezember	декабрь
Server	сервер
Anwendung	заявление
Mitarbeiter	сотрудники
abspielen	играть
Probleme	вопросы
April	апрель
Benutzer	пользователи
Straße	улица
Thema	тема
gegen	против
bekam	получил
Blog	блог
Party	вечеринка
Zahlung	оплата
Ausrüstung	оборудование
Lassen	позволять
Programme	программы
legal	правовой
kürzlich	недавний
Park	парк
Handlung	акт
Problem	проблема
rot	красный
geben	дайте
Erinnerung	Память
Performance	представление
Sozial	Социальное
q	Q
Geschichte	история
verkaufen	продавать
Optionen	опции
Erfahrung	опыт
Schlüssel	ключ
Karosserie	тело
jung	молодой
wichtig	важный
Feld	поле
wenige	мало
Osten	восток
Single	Один
ii	б
Alter	возраст
Verein	клуб
Beispiel	пример
Mädchen	девочки
z	Z
Straße	Дорога
Geschenk	подарок
Frage	вопрос
ca	Калифорния
hart	жесткий
Zahlen	платить
vier	четыре
Poker	покер
Problem	вопрос
Angebot	ассортимент
Gebäude	здание
Verkäufer	продавец
Gericht	суд
Februar	февраль
Ergebnis	результат
Licht	легкий
schreiben	записывать
Krieg	война
Angebot	предлагает
Blau	синий
Gruppen	группы
al	аль
einfach	легко
gegeben	данный
anfordern	запрос
Fax	факс
China	Китай
Herstellung	изготовление
Bild	картина
Bedürfnisse	потребности
möglich	возможное
Monat	месяц
Haupt	главный
Star	звезда
Zukunft	будущее
Raum	пространство
Ausschuss	комитет
Hand	рука
Sonne	солнце
Karten	карты
London	Лондон
Treffen	встреча
werden	стали
Kind	ребенок
behalten	держать
Porno	порно
Aktie	доля
ähnlich	аналогичный
Garten	сад
Schulen	школы
Million	миллиона
hinzugefügt	добавленной
Referenz	Справка
Firmen	компании
Baby	детка
Lernen	обучение
Energie	энергия
Lauf	бег
Lieferung	Доставка
Beliebt	популярный
Begriff	срок
Film	фильм
Geschichten	истории
stellen	положил
Tagebuch	журнал
Berichte	отчеты
co	Колорадо
Versuchen	пытаться
Bilder	изображений
beachten	уведомление
Gott	Бог
Original	оригинал
Kopf	глава
Radio	радио
Zelle	клетка
Rat	совет
enthält	включает
Spur	трек
Diskussion	обсуждение
Archiv	архив
Andere	другие
Zustimmung	соглашение
Format	формат
Gesellschaft	общество
Monate	месяцы
Sicherheit	безопасность
Freunde	друзья
sicher	конечно
Auflage	издание
Mitteilungen	Сообщения
Marketing	маркетинг
sagen	рассказать
Verband	ассоциация
bietet	обеспечивает
Spaß	весело
bereits	уже
Grün	зеленый
Studien	исследования
schließen	Закрыть
verbreitet	общий
Spezifisch	конкретный
