od	de
do	à
u	dans
za	pour
je	est
na	sur
da	cette
po	par
ovaj	ce
s	avec
ja	je
vas	toi
to	il
ili	ou
biti	être
su	sont
na	à
svi	tout
imati	avoir
novi	Nouveau
mi	nous
htjeti	volonté
Dom	maison
nas	nous
oko	sur
ako	si
stranica	page
moj	mon
ima	a
traži	chercher
besplatno	gratuit
ali	mais
naše	notre
jedan	un
drugo	autre
čini	faire
informacija	information
vrijeme	temps
on	il
koji	lequel
njihov	leur
vijesti	nouvelles
koristiti	utilisation
tamo	Là
vidjeti	voir
tako	alors
tko	qui
mreža	toile
također	aussi
dobiti	obtenir
pm	pm
pogled	vue
c	c
e	e
prvi	premier
bila	été
bi	aurait
su	étaient
a	s
Kao	comme
x	X
od	que
pronaći	trouver
cijena	prix
leđa	arrière
vrh	Haut
narod	gens
imala	avait
popis	liste
Ime	prénom
samo	juste
godina	an
dan	journée
u	dans
dva	deux
zdravlje	santé
n	n
ponovno	ré
koristi	utilisé
ići	aller
b	b
posljednji	dernier
napraviti	faire
ih	leur
treba	devrait
proizvod	produit
sistem	système
pošta	poster
nju	sa
Grad	ville
t	t
politika	politique
broj	nombre
podrška	soutien
poruka	message
nakon	après
zatim	puis
siječanj	jan
dobro	bien
d	ré
gdje	où
Informacije	Info
prava	droits
knjige	livres
visok	haute
škola	école
m	m
svaki	chaque
linkovi	liens
ona	elle
godine	années
narudžba	commande
vrlo	très
knjiga	livre
stavke	articles
društvo	compagnie
r	r
čitati	lis
skupina	groupe
seks	sexe
mnogi	beaucoup
korisnik	utilisateur
de	de
set	ensemble
general	général
istraživanje	recherche
sveučilište	Université
siječanj	janvier
pošta	courrier
puni	plein
recenzije	avis
program	programme
znati	connaître
igre	Jeux
put	façon
dana	journées
p	p
dio	partie
mogao	pourrait
Sjajno	génial
ujedinjen	uni
stvaran	réal
f	F
međunarodna	international
centar	centre
putovati	Voyage
komentari	commentaires
napravljen	fabriqué
razvoj	développement
izvješće	rapport
član	membre
detalji	détails
crta	ligne
Pojmovi	termes
prije	avant
hoteli	hôtels
učinio	fait
poslati	envoyer
pravo	droite
tip	type
lokalne	local
oni	ceux
rezultati	résultats
ured	Bureau
nacionalna	nationale
automobil	voiture
dizajn	conception
uzeti	prendre
objavljeno	posté
adresa	adresse
zajednica	communauté
unutar	dans
Države	États
željeti	vouloir
telefon	téléphone
DVD	DVD
predmet	assujettir
između	entre
forum	forum
obitelj	famille
l	l
dugo	longue
w	w
pokazati	montrer
o	o
čak	même
crno	noir
poseban	spécial
indeks	indice
biće	étant
žene	femmes
mnogo	beaucoup
znak	signe
datoteka	fichier
veza	lien
otvoren	ouvrir
jug	Sud
slučaj	Cas
projekt	projet
stranica	pages
verzija	version
odjeljak	section
vlastiti	posséder
kuća	maison
sigurnosti	Sécurité
g	g
okrug	comté
američki	américain
foto	photo
igra	Jeu
članovi	membres
vlast	Puissance
mreža	réseau
Računalo	ordinateur
sustavi	systèmes
tri	Trois
mjesto	endroit
kraj	fin
h	h
mu	lui
po	par
pristup	accès
razmišljati	pense
sjeverno	Nord
resursi	Ressources
Trenutno	actuel
velik	gros
media	médias
zakon	loi
kontrolirati	contrôle
voda	eau
povijest	histoire
veličina	Taille
osobni	personnel
vodič	guider
dućan	boutique
imenik	annuaire
promijeniti	changement
bijela	blanc
tekst	texte
mali	petit
klijenata	évaluation
stopa	taux
vlada	gouvernement
djeca	enfants
povratak	revenir
studenti	élèves
v	v
račun	Compte
puta	fois
nivo	niveau
digitalni	numérique
profil	profil
prijašnji	précédent
oblik	forme
događaji	événements
ljubav	amour
star	vieux
Ivan	John
glavni	principale
poziv	appel
slika	image
odjel	département
titula	Titre
ne	non
k	k
y	y
osiguranje	Assurance
treba	doit
svojstvo	propriété
klasa	classe
CD	CD
kvaliteta	qualité
svaki	chaque
spisak	inscription
sadržaj	contenu
zemlja	pays
malo	peu
alat	outils
nizak	faible
odgovor	répondre
kupac	client
prosinac	décembre
usporediti	comparer
filmovi	films
koledž	Université
vrijednost	valeur
članak	article
čovjek	homme
poslovi	emplois
j	j
hrana	aliments
Autor	auteur
drugačiji	différent
u	u
naučiti	apprendre
prodaja	vente
otisak	impression
tečaj	cours
posao	emploi
soba	chambre
zaliha	Stock
trening	entraînement
isto	aussi
Kreditna	crédit
točka	point
znanost	science
muškarci	Hommes
kategorije	catégories
Zapad	Ouest
izgled	Regardez
Engleski	Anglais
tim	équipe
imanje	biens
kutija	boîte
Uvjeti	conditions
fotografije	Photos
homoseksualac	gai
nit	fil
kategorija	Catégorie
Bilješka	Remarque
uživo	vivre
veliki	grand
galerija	Galerie
stol	table
međutim	toutefois
lipanj	juin
listopad	octobre
studeni	novembre
tržište	marché
knjižnica	bibliothèque
akcijski	action
početak	début
niz	séries
značajke	fonctionnalités
zrak	air
industrija	industrie
plan	plan
ljudski	Humain
Da	Oui
drugi	seconde
vruće	chaud
cijena	Coût
film	film
forumi	forums
ožujak	Mars
la	la
rujan	septembre
reći	dire
odlazak	Aller
medicinski	médical
prijatelj	ami
prosinca	déc
server	serveur
primjena	application
osoblje	Personnel
igra	jouer
pitanja	problèmes
travanj	avril
Korisnici	utilisateurs
ulica	rue
tema	sujet
protiv	contre
dobio	eu
blog	Blog
Zabava	fête
plaćanje	Paiement
oprema	équipement
pustiti	laisser
programi	programmes
pravni	légal
nedavni	récent
park	parc
čin	acte
problem	problème
Crvena	rouge
dati	donner
memorija	Mémoire
izvođenje	performance
socijalni	social
q	q
priča	récit
prodavati	vendre
opcije	Options
iskustvo	expérience
ključ	clé
tijelo	corps
mladi	Jeune
važno	important
polje	champ
nekoliko	peu
istočno	est
singl	unique
ii	ii
dob	âge
klub	club
primjer	Exemple
djevojke	filles
z	z
cesta	route
dar	cadeau
pitanje	question
ca	Californie
teško	difficile
platiti	Payer
četiri	quatre
poker	poker
problem	problème
opseg	gamme
zgrada	bâtiment
prodavač	vendeur
sud	tribunal
veljača	février
proizlaziti	résultat
svjetlo	lumière
pisati	écrire
rat	guerre
ponuda	offre
plava	bleu
grupe	groupes
al	Al
lako	facile
dan	donné
zahtjev	demande
faks	fax
Kina	Chine
izrađivanje	fabrication
slika	image
potrebe	Besoins
moguće	possible
mjesec	mois
glavni	Majeur
zvijezda	étoile
budućnost	avenir
prostor	espace
odbor	Comité
ruka	main
Sunce	Soleil
kartice	cartes
London	Londres
sastanak	réunion
postati	devenir
dijete	enfant
zadržati	garder
pornografija	porno
udio	partager
sličan	similaire
vrt	jardin
škola	écoles
milijuna	million
dodano	ajoutée
upućivanje	référence
tvrtke	entreprises
dijete	bébé
učenje	apprentissage
energija	énergie
trčanje	courir
dostava	livraison
popularan	populaire
termin	terme
film	film
priče	histoires
staviti	mettre
časopis	journal
izvještaji	rapports
ko	co
probati	essayer
slika	images
obavijest	remarquer
bog	Dieu
izvornik	original
glava	tête
radio	radio
ćelija	cellule
vijeće	conseil
uključuje	comprend
staza	Piste
rasprava	discussion
arhiva	archiver
drugi	autres
sporazum	accord
format	format
društvo	société
mjeseci	mois
sigurnosni	sécurité
prijatelji	copains
Naravno	sûr
izdanje	édition
poruke	messages
Marketing	commercialisation
reći	dire
asocijacija	association
pruža	fournit
zabava	amusement
već	déjà
zelena	vert
studije	études
Zatvoriti	Fermer
uobičajen	commun
specifično	spécifique
nekoliko	nombreuses
život	vivant
kolekcija	collection
zvao	appelé
kratak	court
umjetnost	lettres
mnogo	lot
pitati	demander
ograničen	limité
rješenja	solutions
direktor	réalisateur
plaža	plage
prošlost	passé
prirodni	Naturel
elektronika	électronique
na	sur
razdoblje	période
planiranje	Planification
kaže	dit
službeno	officiel
pokvariti	mar
učinio	terminé
tehnička	technique
prozor	fenêtre
profesionalac	pro
regija	Région
otoka	île
snimiti	record
direktno	direct
konferencija	conférence
ploče	archives
st	st
okrug	district
kalendar	calendrier
troškovi	frais
stil	style
izjava	déclaration
milja	miles
resurs	Ressource
aplikacije	applications
dokument	document
riječ	mot
djela	travaux
materijal	Matériel
račun	facture
napisan	écrit
pravila	règles
konačni	final
stvar	chose
centar	centre
zahtjevi	exigences
PRAVI	VRAI
minuta	minutes
drugo	autre
ocjena	marque
stijena	Roche
loše	mal
pojedinac	individuel
plus	plus
auto	auto
pokriti	couverture
Uredi	modifier
zajedno	ensemble
video	vidéos
brzo	vite
funkcija	fonction
činjenica	fait
uzimajući	obtention
globalno	global
tech	technologie
sastati	rencontrer
daleko	loin
ekonomski	économique
hr	en
igrač	joueur
projekti	projets
iznos	montant
Gledati	regarder
uključen	inclus
osjetiti	ressentir
banka	banque
rizik	risque
Popularna	offres
raznovrstan	divers
riječi	mots
proizvodnja	production
trgovački	commercial
težina	poids
srce	cœur
liječenje	traitement
bodova	points
znanje	connaissance
časopis	magazine
greška	Erreur
fotoaparat	caméra
djevojka	fille
izgradnja	construction
igračke	jouets
zabilježen	inscrit
domena	domaine
metode	méthodes
poglavlje	chapitre
zaštita	protection
politika	politiques
širok	large
ljepota	beauté
menadžer	directeur
Indija	Inde
položaj	position
poduzete	pris
vrsta	Trier
oglasi	annonces
znan	connu
pola	moitié
slučajevi	cas
korak	étape
inženjering	ingénierie
jednostavan	simple
brz	rapide
licenca	Licence
jezero	Lac
čitav	entier
godišnji	annuel
Objavljeno	publié
crkva	église
način	méthode
aktivan	actif
odgovor	réponse
lik	figure
materijali	matériaux
dovoljno	assez
konstruiran	conçu
među	parmi
smrt	décès
gubitak	perte
lice	visage
marka	marque
popust	remise
efekti	effets
stvorio	créé
standardi	normes
bit	bit
politički	politique
kraljevstvo	Royaume
baza	base
rade	Faire
krediti	prêts
cipele	chaussures
ulaz	entrée
boravak	rester
narudžbe	ordres
dostupnost	disponibilité
Sažetak	résumé
skretanje	tour
rast	croissance
agencija	agence
kralj	Roi
europska	européen
aktivnost	activité
kopirati	copie
zapadni	occidental
sila	Obliger
zapošljavanje	emploi
zaljev	baie
Rijeka	rivière
komisija	commission
paket	paquet
vidio	vu
igrači	joueurs
motor	moteur
luka	Port
album	album
Regionalni	régional
Stop	Arrêtez
počeo	commencé
uprava	administration
bar	bar
institut	institut
pregleda	vues
dvostruko	double
pas	chien
uskoro	bientôt
linije	lignes
elektronička	électronique
prednosti	avantages
potreban	nécessaire
printer	imprimante
stanje	condition
djelotvoran	efficace
vjerovati	croyez
organizacija	organisation
posljedica	effet
um	esprit
izbor	sélection
kasino	casino
pdf	pdf
obilazak	tour
križ	traverser
nada	espérer
korporacija	société
želja	souhait
riješenje	Solution
zreo	mature
uloga	rôle
tjedni	semaines
siguran	certain
niži	inférieur
potreban	nécessaire
unija	syndicat
mon	lun
com	com
posebno	particulier
fino	bien
sat	heure
plin	gaz
vještine	compétences
šest	six
grm	buisson
otoci	îles
savjet	Conseil
karijera	carrière
odluka	décision
napustiti	laisser
prije	pré
ogroman	énorme
žena	femme
postrojenja	installations
ponuda	offre
srednji	milieu
kabel	câble
prilike	Opportunités
uzimanje	prise
vrijednosti	valeurs
podjela	division
dolazak	arrivant
objekt	objet
lezbijka	lesbienne
prikladan	approprié
mašina	machine
logo	logo
dužina	longueur
Lijepo	agréable
postići	But
statistika	statistiques
klijent	client
uzorak	échantillon
ulaganje	investissement
poslao	envoyé
prikazan	montré
Božić	Noël
Kultura	Culture
bljesak	flash
ms	Mme
izbor	choix
tečajevi	cours
potrošač	consommateur
bok	salut
strana	étranger
umjetnik	artiste
namještaj	meubles
kanal	canal
pismo	lettre
način	mode
telefoni	Téléphones
ideje	idées
struktura	structure
stupanj	degré
ugovor	Contrat
super	super
muški	mâle
stvar	matière
skoro	presque
nalazi	situé
višekratnik	plusieurs
distribucija	Distribution
urednik	éditeur
gostionica	auberge
industrijski	industriel
potencijal	potentiel
pjesma	chanson
los	los
pad	tomber
ideja	idée
sobe	pièces
komunikacije	communications
pobijediti	gagner
osnovni	primaire
Rak	cancer
brojevi	Nombres
razlog	raison
alat	outil
Proljeće	printemps
temelj	fondation
odgovor	répondre
glas	voix
raspored	programme
dokumenti	documents
Svrha	objectif
svojstvo	fonctionnalité
krevet	lit
dolazi	vient
policija	police
samostalan	indépendant
pristup	approche
smeđ	marron
fizička	physique
brdo	colline
Karte	Plans
držati	tenir
ocjene	évaluations
sretan	content
kovač	forgeron
razvijen	développé
zahvaliti	remercier
sef	sûr
jedinstvena	unique
pregled	enquête
prije	avant
telefon	Téléphone
sport	sport
spreman	prêt
životinja	animal
izvori	sources
populacija	population
godišnje	Pennsylvanie
redovan	ordinaire
siguran	garantir
operacije	opérations
jednostavno	simplement
dokaz	preuve
stanica	gare
razumjeti	comprendre
opcija	option
dolina	vallée
vjerojatno	Probablement
more	mer
publikacije	publications
poboljšati	améliorer
veza	connexion
izdavač	éditeur
dvorana	salle
anti	anti
mreže	réseaux
Zemlja	Terre
roditelji	Parents
udarac	impact
prijenos	transfert
Uvod	introduction
kuhinja	cuisine
jak	fort
vjenčanje	mariage
nekretnine	Propriétés
bolnica	hôpital
tlo	sol
brod	navire
smještaj	hébergement
bolest	maladie
izvrstan	excellent
savršen	parfait
dlaka	cheveux
prilika	opportunité
oprema	trousse
klasik	classique
osnova	base
naredba	commander
gradovi	villes
izraziti	Express
dodijeliti	prix
udaljenost	distance
drvo	arbre
procjena	évaluation
zid	mur
umiješan	impliqué
el	el
ekstra	supplémentaire
posebno	notamment
budžet	budget
vodiči	guides
uspjeh	Succès
maksimum	maximum
majka	mère
operacija	opération
postojanje	existant
dosta	assez
odabran	choisi
dječak	garçon
restorani	Restaurants
lijep	beau
upozorenje	Attention
lokacije	Emplacements
konj	cheval
glasanje	vote
cvijeće	fleurs
zvijezde	étoiles
arena	listes
vlasnik	propriétaire
životinje	animaux
načine	façons
sin	fils
pružanje	fournir
Pravilo	règle
kućište	logement
traje	prend
donijeti	apporter
katalog	catalogue
maksimum	max
majka	mère
vlast	autorité
rekao	Raconté
program	programme
spojen	relié
ulazni	contribution
strategija	stratégie
noge	pieds
agent	agent
vrijedi	valide
moderan	moderne
stariji	Sénior
seksi	sexy
nastava	enseignement
vrata	porte
veličanstven	grandiose
suđenje	procès
jedinice	unités
svjež	cool
normalan	Ordinaire
poduzeće	entreprise
brodovi	navires
čitav	tout
pozitivan	positif
sposobnost	aptitude
kineski	chinois
mišljenje	opinion
nogomet	Football
sažetak	abstrait
izlaz	sortie
fondovi	fonds
mr	M
Vjerojatno	probable
razviti	développer
izvođači	artistes
alternativa	alternative
odgovornost	responsabilité
Java	Java
gost	client
objavljivanje	publication
proći	passer
odnosi	rapports
povjerenje	confiance
kombi	van
sadrži	contient
multi	multi
republika	république
naknada	honoraires
komponente	Composants
odmor	vacances
stoljeće	siècle
akademski	académique
pomoć	assistance
dovršen	terminé
koža	peau
grafika	graphique
Indijanac	Indien
prsten	bague
razred	qualité
planina	Montagne
organizacija	organisations
filtar	filtre
ploča	panneau
kat	sol
kupovina	achat
utakmica	rencontre
zaprosio	proposé
zahtijevati	exiger
dječaci	garçons
jutro	Matin
omogućuje	permet
protein	protéine
biljka	plante
izvijestio	signalé
pogoditi	frappé
mm	mm
bazen	bassin
mini	mini
politika	politique
partner	partenaire
autori	auteurs
ploče	planches
riba	poisson
članstvo	adhésion
misija	mission
oko	œil
niz	chaîne
osjećaj	sens
promijenjen	modifié
oslobođen	libéré
faza	étape
interni	interne
rođen	née
detaljan	détaillé
japanski	Japonais
utrka	course
odobren	approuvé
cilj	cible
osim	sauf
lik	personnage
održavanje	entretien
sposobnost	aptitude
ed	ed
silovanje	râpé
baterija	batterie
mladež	jeunesse
pritisak	pression
podnijeti	soumis
dug	dette
srednji	moyen
televizija	télévision
zainteresiran	intéressé
srž	coeur
pauza	Pause
svrhe	fins
setovi	ensembles
ples	Danse
drvo	bois
definiran	défini
novine	papiers
nagrade	prix
pristojba	frais
studio	studio
čitač	lecteur
uređaj	dispositif
osnovan	établi
odgovori	réponses
najam	location
las	Las
mrak	foncé
vanjski	externe
jabuka	Pomme
le	le
instrukcije	instructions
min	min
ponudio	offert
teorija	théorie
ukloniti	retirer
pomoć	aide
vidni	visuel
domaćin	hôte
raznolikost	variété
učitelji	enseignants
priručnik	Manuel
blok	bloc
teme	sujets
agenti	agents
popravak	réparation
pravedan	juste
željezo	acier
razumijevanje	compréhension
Pjesme	Chansons
fiksni	fixé
pogrešno	faux
početak	début
ruke	mains
AZ	az
Pariz	Paris
dobiva	obtient
sektor	secteur
kapacitet	capacité
uN	ONU
mast	graisse
otac	père
električni	électrique
pila	vu
instrumenti	instruments
časnik	officier
vozač	chauffeur
poduzeća	entreprises
mrtav	mort
nepoznat	inconnu
restoran	restaurant
mikrofon	Mike
putovanje	voyage
mi	mi
siromašan	pauvre
odnos	relation
radnici	ouvriers
mir	paix
tradicionalan	traditionnel
pokazivanje	projection
kreativan	Créatif
obala	côte
korist	avantage
financiranje	financement
uređaji	dispositifs
gospodar	Seigneur
odobriti	subvention
pod	sous
fikcija	fiction
satovi	montres
karijere	carrières
ide	va
vodio	LED
muzej	musée
ventilator	ventilateur
prijevoz	transport
zanimljiv	intéressant
blogovi	blogs
procjena	évaluation
prijašnji	ancien
zona	zone
kompleks	complexe
th	e
mačka	chat
umrijeti	mourir
predstavili	présenté
ravan	appartement
teći	couler
agencije	agences
književnost	Littérature
roditelj	parent
postavljanje	réglage
doktor	dr
ljestvica	échelle
Ekonomija	économie
koristan	utile
mjesečno	mensuel
kritično	critique
okvir	Cadre
mjuzikl	musical
definicija	définition
tajnica	secrétaire
staza	chemin
glavni	chef
daje	donne
paketi	paquets
detalj	détail
zakoni	lois
promijenjen	modifié
početi	commencer
kraljevski	Royal
čist	nettoyer
momak	gars
naslovi	titres
relevantan	pertinent
pravda	Justice
Spojiti	relier
kupa	Coupe
košara	panier
primijenjen	appliqué
tjedni	hebdomadaire
vol	vol
montaža	installation
str	pp
pažnja	attention
napredovati	avance
preskočiti	sauter
dijeta	régime
vojska	armée
zupčanik	équipement
razlika	différence
dopušteno	permis
ispravan	correct
narod	nation
prodaja	vente
mnogo	beaucoup
komad	pièce
list	drap
firma	raffermir
sedam	Sept
elementi	éléments
vrsta	espèce
skok	saut
Stanice	cellules
modul	module
pribjeći	recours
potvrda	certificat
ministar	ministre
pokret	mouvement
moda	mode
smjerovi	directions
posjetitelji	visiteurs
dokumentacija	Documentation
trgovački	commerce
šuma	forêt
pozivi	appels
pokrivenost	couverture
par	couple
davanje	donnant
prilika	chance
vizija	vision
lopta	ballon
završni	fin
klijenti	clients
akcije	actes
raspravljati	discuter
cilj	objectif
uspješan	réussi
prodan	vendu
vjetar	vent
zajednice	communautés
klinički	clinique
situacija	situation
tržišta	marchés
objavljivanje	édition
pojaviti	apparaître
razvoju	développement
život	vies
odrediti	déterminer
temperatura	Température
najave	annonces
pacijent	patient
stvaran	réel
povijesni	historique
kamen	pierre
bob	bob
trgovina	Commerce
osobe	personnes
težak	difficile
znanstvena	scientifique
satelit	Satellite
testovi	essais
selo	village
računi	comptes
amater	amateur
ex	ex
sastali	rencontré
bol	douleur
čimbenici	facteurs
kava	café
kupac	acheteur
poster	affiche
rub	bord
funkcionalna	fonctionnel
korijen	racine
fi	Fi
zatvoreno	fermé
Praznici	vacances
ružičasta	rose
ravnoteža	équilibre
nadgledanje	surveillance
odgovora	réponses
šut	coup
početni	initiale
označiti	étiquette
sek	seconde
kanon	canon
liga	ligue
gubljenje	déchets
minuta	minute
autobus	autobus
usluga	fournisseur
rječnik	dictionnaire
računovodstvo	comptabilité
proizvodnja	fabrication
dijelovi	sections
stolica	chaise
napor	effort
faza	phase
fantazija	fantaisie
PO	po
va	Virginie
profesor	professeur
instalirati	installer
košulja	chemise
odjeća	vêtements
noga	pied
grudi	Sein
Tehnike	techniques
dolara	dollars
religija	religion
dopuštenje	autorisation
divlji	sauvage
generacija	génération
propustiti	manquer
kemijski	chimique
liječnik	docteur
zadatak	tâche
smanjiti	réduire
donio	apporté
vježba	exercice
buba	punaise
jamčiti	garantie
vođa	chef
sebi	se
procesi	processus
mekan	doux
sastanci	réunions
sekundi	secondes
let	vol
kongres	congrès
gorivo	carburant
hodati	marche
izrađen	produit
svetac	Saint
argument	argument
konkurencija	compétition
lijekovi	drogues
zajednički	mixte
premija	prime
svježe	Frais
likovi	personnages
pravnik	avocat
di	di
faktor	facteur
tisuća	milliers
km	km
potok	courant
apartmani	appartements
odabrati	choisir
sluh	audition
istočni	est
terapija	thérapie
unosi	entrées
potpisan	signé
upravni	administratif
ozbiljan	sérieux
ograničiti	limite
koraci	pas
trgovine	magasins
ropstvo	esclavage
del	del
napori	efforts
informiran	informé
gA	Géorgie
misli	pensées
potok	ruisseau
ft	ft
količina	quantité
osnovni	essentiel
ture	Tours
opterećenje	charge
odmah	immédiatement
strojevi	Machines
određen	désigné
teško	lourd
pokriven	couvert
oporavak	récupération
integriran	intégré
konfiguracija	configuration
penis	coq
trgovac	marchande
opsežan	complet
stručnjak	expert
zaštititi	protéger
solidan	solide
prezentacija	présentation
postao	devenu
narančasta	Orange
usklađenost	conformité
tema	thème
bogat	riches
kampanja	campagne
vs	contre
gitara	guitare
nalaz	découverte
primjeri	exemples
duh	esprit
ar	ar
zahtjevi	réclamations
prihvaćanje	acceptation
strategije	stratégies
mj	mo
poslovi	affaires
namijenjen	prévu
sa	sa
ciljevi	buts
najam	louer
izbor	élection
predložiti	suggérer
podružnica	branche
poslužiti	servir
podružnice	affiliés
montiranje	monter
latinski	Latin
multimedijalni	multimédia
upravljati	gérer
ugao	coin
rang	rang
element	élément
rođenja	naissance
virus	virus
interaktivni	interactif
zahtjevi	demandes
odvojen	séparé
četvrtina	trimestre
postupak	procédure
rukovodstvo	direction
definirati	définir
vjerski	religieux
činjenicama	faits
doručak	déjeuner
kolona	colonne
vjera	Foi
lanac	chaîne
identificirati	identifier
avenija	rue
nedostaje	disparu
preporuke	recommandations
pomaknuto	déplacé
dohvatiti	atteindre
usporedba	Comparaison
trenutak	moment
produžen	élargi
slijed	séquence
palac	pouce
napad	attaque
centri	centres
otvor	ouverture
laboratorija	laboratoire
rezerva	réserve
gama	gamma
proizvoditi	produire
istina	vérité
brojač	compteur
neuspjeh	échec
slijedi	suit
dolar	dollar
kamp	camp
des	des
filmovi	films
most	pont
ispuniti	remplir
pokret	mouvement
tiskanje	impression
Nacrt	Brouillon
grafikon	graphique
igrao	joué
kontakti	Contacts
čitači	lecteurs
klubovi	clubs
wa	Washington
avantura	aventure
ponuda	offre
dobit	profit
čelnici	dirigeants
plakati	affiches
institucije	institutions
asistent	assistant
varijabla	variable
dj	dj
parkiralište	parking
jučer	hier
odlučan	déterminé
radionica	atelier
otišao	disparu
kodovi	codes
vrste	types
nastavak	extension
izjava	déclarations
potpuno	complètement
timovi	équipes
tvrđava	fort
cm	cm
senat	sénat
smiješno	drôle
gen	gène
okrenut	tourné
disk	disque
uzorak	modèle
čamac	bateau
kazalište	théâtre
proizvođači	fabricants
sponzor	parrainer
klasična	classique
ikona	icône
garancija	garantie
posvećen	dévoué
smjer	direction
košarka	basketball
objekti	objets
izbrisati	effacer
večer	soir
skupština	Assemblée
nuklearni	nucléaire
miš	Souris
signal	signal
kriminalac	criminel
izdaje	Publié
snažan	puissant
san	rêver
NETOČNO	FAUX
da	da
baciti	jeter
cvijet	fleur
osoblje	personnel
prošao	passé
isporučuje	fourni
Slapovi	chutes
duša	âme
unaprijediti	promouvoir
navedeno	déclaré
statistika	Statistiques
profesionalci	professionnels
Čini	apparaît
nositi	porter
zastava	drapeau
korice	couvertures
em	em
prednost	avantage
zdravo	Bonjour
dizajna	dessins
održavati	maintenir
turizam	tourisme
prioritet	priorité
odrasli	adultes
grafički	graphique
atom	atome
plaćanja	Paiements
vezivanje	contraignant
kratak	bref
završeno	terminé
osvajanjem	gagnant
anoniman	anonyme
skripta	scénario
služio	servi
želi	veut
pripremljen	préparé
poništiti	vide
označiti	marque
intervju	entretien
miješati	mélanger
okvir	cadre
disk	disque
instaliran	installée
kraljica	reine
krediti	crédits
jasno	clairement
popraviti	réparer
rukovati	manipuler
slatko	doux
kriteriji	Critères
suradnik	associer
NE	ne
ponašanje	comportement
uvećati	agrandir
zraka	rayon
prihod	revenu
mjera	mesure
glasova	votes
du	du
dužnost	devoir
rasprave	discussions
snositi	ours
dobit	Gain
festival	Festival
laboratorija	laboratoire
ocean	océan
letovi	vols
stručnjaci	experts
znakovi	signes
dubina	profondeur
vlak	train
suho	sec
istražiti	explorer
banja	spa
koncept	concept
skoro	presque
rukovanje	manipulation
podrijetlo	origine
milijardi	milliard
inteligencija	intelligence
kupio	acheté
protiv	escroquerie
nacije	nations
put	route
slomljen	cassé
bitka	bataille
govoriti	parler
protokol	protocole
pitanje	question
partnerstvo	Partenariat
izraz	expression
es	es
govor	discours
žica	câble
prijedlozi	suggestions
zamjena	remplacement
traka	ruban
strateški	stratégique
suditi	juge
kiselina	acide
bajtova	octets
cent	cent
prisiljeni	forcé
kompatibilan	compatible
apartman	appartement
nula	nul
nula	zéro
zvučnik	orateur
savjetodavni	consultant
dizajner	designer
pr	pr
brak	mariage
svitak	rouleau
banke	banques
fr	fr
sudionici	participants
tajna	secret
negativan	négatif
favoriti	favoris
kazalište	théâtre
izvori	ressorts
var	var
izvesti	effectuer
prijevod	Traduction
procjene	estimations
ozljeda	blessure
ministarstvo	ministère
vozači	conducteurs
odvjetnik	avocat
figure	chiffres
zaštićen	protégé
prijedlog	proposition
dijeljenje	partage
portal	portail
beta	bêta
besplatno	gratuitement
prema	vers
malo	légèrement
pomoći	aider
ponašanje	conduite
sadržane	contenu
zakonodavstvo	législation
zvanje	appel
parametri	paramètres
profili	profils
pitanja	questions
kuća	Maisons
kontrole	contrôles
kombinirana	combiné
ultimativno	ultime
predstavnik	représentant
manji	mineur
odjeli	départements
stanovnici	résidents
prikazati	affiché
mama	maman
smanjen	réduit
rijedak	rare
izvedena	réalisée
krajnost	extrême
uzorci	échantillons
barovi	barres
prognoza	prévoir
ukloniti	supprimé
ciklus	cycle
sadržati	contenir
točnost	précision
spavati	dormir
mg	mg
ptica	oiseau
ljekarna	pharmacie
stvaranje	création
statički	statique
Lovac	chasseur
adrese	adresses
dama	Dame
kristal	cristal
poznat	célèbre
pisac	écrivain
predsjednik	président
piće	boisson
akademija	académie
dinamičan	dynamique
jesti	manger
trajan	permanent
čišćenje	nettoyage
tvori	constitue
portfelj	portefeuille
praktičan	pratique
isporučena	livré
infrastruktura	Infrastructure
boja	Couleur
prodavač	vendeur
filozofija	philosophie
regulacija	règlement
službenici	officiers
cilj	objectif
ponude	offres
ishrana	nutrition
snimanje	enregistrement
mlađi	junior
les	les
rt	cap
prstenovi	anneaux
Savjet	pointe
predivan	formidable
ulaznica	billet
najavio	annoncé
nagađati	deviner
kome	qui
nogomet	football
matematika	math
uvoz	importer
postavljanje	affectation
prisutnost	présence
automatski	automatique
gledanja	visualisation
održavati	entretenu
CH	ch
Dan	dan
psi	chiens
direktori	directeurs
aspekti	aspects
naprijed	devant
mjesec	lune
sudjelovanje	participation
shema	schème
letjeti	mouche
držanje	manière
matrica	matrice
kombinacija	combinaison
amandman	amendement
snaga	force
purica	dinde
knjižnice	bibliothèques
ispravan	correct
stupnjeva	degrés
poduzeća	entreprises
delta	delta
strah	peur
traži	recherche
inča	pouces
konvencija	convention
dionice	actions
glavni	principal
udobnost	confort
boje	couleurs
ratovi	guerres
naručivanje	commande
čuva	conservé
alfa	alpha
apel	charme
krstarenje	croisière
bonus	prime
ej	Hey
građevine	bâtiments
specijalaca	promos
pobijediti	battre
baterije	batteries
postaje	devient
diskovi	disques
oružje	bras
čaj	thé
poboljšan	amélioré
postići	atteindre
pozicije	positions
haljina	robe
pretplata	abonnement
prodavač	Marchand
suvremeni	contemporain
nebo	ciel
ROM	ROM
prenosi	porté
izlaganje	exposition
sakriti	cacher
potpis	Signature
mlinar	meunier
opskrba	disposition
odjeća	vêtements
okviri	cadres
sigurno	certainement
novine	journal
igračka	jouet
sloj	couche
tiskan	imprimé
usporiti	lent
uklanjanje	suppression
odgovornost	responsabilité
pisači	imprimantes
dodajući	ajouter
mjesto	place
potrošiti	dépenser
tvornica	usine
unutrašnjost	intérieur
rasti	croître
optički	optique
promocija	promotion
rođak	relatif
nevjerojatan	incroyable
točka	point
identitet	identité
pretvaranje	conversion
osjećaj	sentiment
skriven	caché
razuman	raisonnable
revizija	révision
utjecaj	influence
omjer	rapport
važnost	importance
kiša	pluie
planeta	planète
kopije	copies
dozvola	permis
vidim	voyant
dokaz	preuve
bas	basse
recept	ordonnance
prazan	vide
primjer	exemple
rupa	trou
vožnja	balade
zavod	bureau
konzervacija	préservation
par	paire
idealan	idéal
naočale	spécification
zabilježena	enregistré
Don	Don
komada	pièces
gotov	fini
parkovi	parcs
odvjetnici	avocats
stres	stress
krema	crème
ss	ss
radi	fonctionne
otkriti	découvrir
ap	ap
obrasci	modèles
brda	collines
nm	nm
savjetnik	conseiller
svjestan	conscient
oblik	forme
evolucija	évolution
potvrde	certificats
ciljevi	objectifs
stanice	stations
predložio	suggéré
op	op
ostaci	restes
tvrtke	entreprises
euro	euro
operater	opérateur
strukture	structures
opći	générique
enciklopedija	encyclopédie
upotreba	usage
tinta	encre
mješovit	mixte
popis	recensement
kotač	roue
dobavljači	Fournisseurs
kompaktan	compact
poezija	poésie
svjetla	lumières
praćenje	suivi
anđeo	ange
priprema	préparation
pokušaj	tentative
primanje	recevoir
šibice	allumettes
suglasnost	conformité
širina	largeur
motori	moteurs
zaboraviti	oublier
red	tableau
raspravljati	discuté
točan	précis
klima	climat
grčki	grec
instrukcija	instruction
upravljanje	gérant
sirov	brut
Razlike	différences
objasniti	Explique
uspostaviti	établir
izrazio	exprimé
opseg	ampleur
oštar	tranchant
Ben	ben
stav	paragraphe
ubiti	tuer
matematika	mathématiques
kompenzacija	compensation
izvoz	exportation
menadžeri	gestionnaires
moduli	modules
provedena	menée
verzije	versions
zna	sait
opisati	décrire
građani	citoyens
nasljeđe	patrimoine
nevolja	difficulté
trener	entraîneur
poljoprivredni	agricole
proširiti	développer
publika	public
dodijeljena	attribué
zbirke	collections
dobi	âge
specijalista	spécialiste
kuhati	cuisinier
utjecati	affecter
Djevica	vierge
iskusan	expérimenté
istraga	enquête
uzdignut	relevé
šešir	chapeau
institucija	institution
usmjerene	dirigée
pogođeni	affecté
bicikl	bicyclette
potpuno	totalement
ploča	assiette
troškovi	frais
naznačiti	indiquer
plavuša	blond
postupak	procédure
ljubimac	préféré
karakteristike	caractéristiques
der	der
izgubiti	perdre
organski	biologique
tražiti	chercher
iskustva	expériences
albuma	albums
ugovori	contrats
gosti	invités
domaćin	hébergé
oboljenja	maladies
o	concernant
ekvivalent	équivalent
kemija	chimie
setove	kits
logika	logique
princ	prince
krug	cercle
tlo	sol
psihologija	psychologie
mokar	humide
okolnosti	conditions
investitor	investisseur
osnovni	élémentaire
sponzori	sponsors
lisica	Renard
neograničen	illimité
odgovarati	répondre
veličine	tailles
običan	plaine
Izlaz	Sortie
ruka	bras
ključevi	clés
val	vague
svet	saint
djela	actes
vođenje	orientation
trag	Piste
simbol	symbole
autocesta	Autoroute
promatranom	observé
dekan	doyen
postaviti	installer
anketa	sondage
stilovi	modes
ispunjen	rempli
veza	liaison
kanali	filières
dodatak	annexe
čokolada	Chocolat
dio	portion
djelokrug	portée
dobavljač	fournisseur
kabeli	câbles
pamuk	coton
zahtjev	exigence
ubijen	tué
granica	frontière
antički	ancien
debata	débat
predstavnici	représentants
počinje	départs
trudnoća	grossesse
atrakcije	attractions
naučeno	appris
transakcije	transactions
istraživač	explorateur
povijesni	historique
suprug	mari
odobren	autorisé
lud	fou
Nadolazeći	prochain
koncert	concert
rezultate	scores
efikasnost	Efficacité
komedija	comédie
usvojen	adopté
učinkovit	efficace
linearan	linéaire
opredjeljenje	engagement
specijalitet	spécialité
medvjedi	ours
hmelj	saut
prijevoznik	transporteur
konstantno	constant
Visa	visa
usta	bouche
metar	mètre
povezan	lié
razgovori	interviews
pojmovi	concepts
puška	pistolet
odraziti	réfléchir
čist	pur
pakao	enfer
voće	fruit
počinje	commence
kvalificiran	qualifié
reforma	réforme
leće	lentille
liječi	traités
otkriće	Découverte
crtati	dessiner
svrstan	classifié
pretpostaviti	assumer
savez	Alliance
potvrditi	confirmer
inženjer	ingénieur
dosljedan	cohérent
zamijeniti	remplacer
odobrenje	dégagement
konverter	convertisseur
organizacija	organisation
dijete	bébé
provjere	chèques
postignut	atteint
postaje	devenir
cilj	objectif
naznačeno	indiqué
šećer	sucre
posada	équipage
noge	jambes
štap	bâton
odnos	relation
omogućeno	activée
žanr	genre
dobrovoljac	bénévole
stražnji	arrière
demokratski	démocratique
povećati	améliorer
točno	exact
granica	lié
parametar	paramètre
procesor	processeur
čvor	nœud
formalan	formel
oluja	orage
mikro	micro
fakulteti	collèges
milja	mile
izazovi	défis
urednici	éditeurs
vrhovni	suprême
braća	frères
priznanje	reconnaissance
Najbolje	ref
procjena	estimation
dijete	enfant
inspekcija	inspection
potrošači	consommateurs
granice	limites
teritorija	territoire
oružje	armes
odgoditi	retard
pilot	pilote
doprinosi	contributions
stalan	continu
inicijativa	initiative
roman	roman
izvršenje	exécution
invalidnost	invalidité
ultra	ultra
pobjednik	gagnant
epizoda	épisode
lončar	potier
jelo	plat
igra	pièces
bilten	bulletin
ia	ia
izmijeniti	modifier
uistinu	vraiment
svemir	univers
kandidat	candidat
prorez	fente
izvanredan	exceptionnel
Ha	Ha
planirani	prévu
loža	loge
ogledalo	miroir
turnir	tournoi
obzir	considération
sjednice	sessions
zrno	noyau
kupci	acheteurs
časopisi	revues
siva	gris
katalog	catalogue
optužen	accusé
širok	vaste
und	und
odabran	choisi
demo	demo
mrziti	haine
terminal	Terminal
izdavači	éditeurs
noću	nuits
tekući	liquide
riža	riz
rezervacija	réservation
hrana	nourriture
straža	garde
ušteda	économie
carstvo	Empire
novo	nouvellement
podići	élever
nezakonit	illégal
ekspanzija	expansion
premijer	premier
sutra	demain
mlijeko	Lait
drama	drame
gostujući	visite
Natjecanje	concours
prikupljeni	collectées
bendovi	bandes
pogodan	adapté
apsolutno	absolument
revizija	vérification
komora	chambre
Gvineja	Guinée
nalazi	résultats
izo	iso
tipičan	typique
iznos	somme
piletina	poulet
privremen	temporaire
prisustvovati	assister
tuš	douche
slanje	envoi
dovoljan	suffisant
ljuska	coquille
pokrajina	Province
katolički	catholique
guverner	gouverneur
pivo	Bière
doprinos	contribution
formula	formule
ustav	Constitution
ambalaža	emballage
pouzdan	fiable
sumnjati	doute
zaraditi	gagner
razdoblja	périodes
napadi	attaques
roba	marchandise
simptomi	symptômes
spomen	Mémorial
blizanac	double
umetnuti	insérer
prolaz	passerelle
crtanje	dessin
kandidati	candidats
naredio	commandé
biološki	biologique
borba	combat
tranzicija	transition
postavke	préférences
špijun	espion
romantika	romance
instrument	instrument
podjela	Divisé
teme	thèmes
sile	pouvoirs
raj	paradis
komadići	morceaux
trudna	Enceinte
klasifikacija	classification
usmjerena	concentré
liječnik	médecin
traži	demander
blokovi	blocs
gle	lo
duhovni	spirituel
dijabetes	Diabète
ml	ml
smjena	décalage
sjediti	asseoir
tjelesa	corps
fotografije	photographies
rezanje	Coupe
pisci	écrivains
fleksibilno	flexible
voljen	aimé
favoriti	favoris
kartografija	cartographie
brojan	nombreux
relativno	relativement
predstavlja	représente
superioran	supérieur
poželjna	préféré
spremaju	enregistré
intelektualac	intellectuel
odobreno	accordé
ugljen	carbone
udobno	confortable
magnetski	magnétique
interakcija	interaction
slušanje	écoute
kriza	crise
pogled	perspective
masivan	massif
svijetao	brillant
formirana	formé
klavir	piano
jeka	écho
revolucija	révolution
prikazuje	affiche
plazma	plasma
zarada	gains
misterija	mystère
pejzaž	paysage
mehanički	mécanique
putovanje	périple
zastava	bannière
smokva	figue
županije	comtés
akvizicija	acquisition
priznat	reconnu
snovi	rêves
obavijest	notification
kg	kg
učiti	apprendre
brz	rapide
Vuci	tirer
Juta	Utah
seminar	séminaire
investicije	investissements
kotači	roues
odrediti	spécifier
osjetljiv	sensible
predlošci	modèles
formati	formats
drži	détient
usmjerivač	routeur
beton	béton
si	si
mapa	dossier
završetak	achèvement
puls	impulsion
tehnika	technique
glasanje	vote
sudovi	tribunaux
pretvaraju	converti
metro	métro
godišnjica	anniversaire
poboljšanja	améliorations
traka	bande
specifikacija	spécification
nesreća	accident
zarez	entaille
dostupan	accessible
Rezidencija	résident
zemljište	terrain
tipično	typiquement
prikaz	représentation
pumpa	pompe
postoji	existe
aranžmani	arrangements
konferencije	conférences
potrošnja	consommation
suziti	étroit
prijetnja	menace
ankete	enquêtes
sjedenje	séance
konzultant	consultant
kontrolor	manette
odbori	comités
penis	pénis
dvorac	Château
vrtovi	jardins
etikete	Étiquettes
spreman	prêt
bio	bio
gluma	agissant
glave	têtes
ispit	examen
prebivalište	résidence
gustoća	densité
stotina	cent
čudan	étrange
održiv	durable
statistički	statistique
spomenuti	mention
inovacija	innovation
siva	gris
paralelno	parallèle
raditi	fonctionner
novčanice	factures
stabilan	stable
definicije	définitions
von	von
liječnici	médecins
lekcija	leçon
kino	cinéma
izbori	élections
reakcija	réaction
prazan	blanc
poboljšane	renforcée
pravo	intitulé
ozbiljan	sévère
generirati	produire
novine	journaux
bolnice	hôpitaux
vi	vi
humor	humour
star	vieilli
monitori	moniteurs
izuzetak	exception
trajanje	durée
Glavnina	masse
posjeta	visites
sposobnosti	capacités
preporuka	recommandation
grijeh	péché
organizirani	organisé
ba	ba
stavak	para
posvajanje	adoption
poboljšanje	améliorer
skup	coûteux
bizon	buffle
organizacija	organisations
avion	avion
programi	programmes
mehanizam	mécanisme
ee	ee
obilježen	marqué
upravljan	poussé
boca	bouteille
inovativan	innovant
masaža	massage
zaključak	conclusion
zatvaranje	fermeture
tisuću	mille
legenda	Légende
vila	villa
kost	OS
stupovi	colonnes
poremećaji	troubles
kolaboracija	collaboration
otkrivanje	détection
unutrašnji	interne
formacija	formation
med	med
inženjeri	ingénieurs
osoba	entité
krstarenja	Croisières
vrata	porte
rimski	romain
dužnosti	fonctions
erotski	érotique
ton	Ton
etika	éthique
zmaj	dragon
zaposlen	occupé
kapetan	capitaine
donosi	apporte
grijanje	chauffage
noga	jambe
vrat	cou
krilo	aile
skripta	scripts
abeceda	abc
postavljen	nommé
bavljenje	transaction
počiniti	commettre
željeznički	rail
putovanja	voyages
praznina	écart
strane	côtés
cijev	tube
odgovara	correspondant
opisi	descriptions
pojas	ceinture
jakna	veste
animacija	animation
proročanstvo	oracle
er	er
produkcija	productions
zrakoplovstvo	aviation
ponos	fier
katastrofa	catastrophe
konzola	console
naredbe	commandes
jr	jr
telekomunikacija	télécommunications
instruktor	instructeur
gigantski	géant
postići	réalisé
ozljede	blessures
pristupi	approches
uobičajen	habituel
marke	timbres
kut	angle
opljačkati	Rob
dizajneri	concepteurs
sloboda	liberté
doba	ère
Pretvoriti	convertir
mogućnost	possibilité
analitičar	analyste
opasno	dangereux
pouzdanost	fiabilité
odnosno	respectivement
volonteri	bénévoles
izveden	dérivé
zadovoljstvo	plaisir
čast	honneur
orijentiran	orienté
orao	Aigle
molitva	prière
radionice	ateliers
uragan	ouragan
miran	silencieux
proizvođač	producteur
zastupljeni	représentée
odgovornosti	responsabilités
sir	fromage
pažljivo	soigneusement
produktivnost	productivité
kruna	couronne
jednakost	par
dijagnoza	diagnostic
tvorac	fabricant
pukotina	fissure
načelo	principe
motika	choix
banda	gang
fetiš	fétiche
izgled	apparence
dim	fumée
filteri	filtres
inkorporiran	incorporé
čamac	artisanat
kolega	compagnon
slijep	aveugle
salon	salon
lud	furieux
algoritam	algorithme
snažno	fortement
kafić	café
znanje	ken
proteini	protéines
Su	su
upoznat	familier
sposoban	capable
ulaz	admission
cipela	chaussure
izabran	élu
nošenje	portant
terorizam	terrorisme
radost	joie
izdanja	éditions
etnički	ethnique
parlament	parlement
glumac	acteur
nalazi	découvertes
pečat	joint
situacije	situations
peti	cinquième
građanin	citoyen
vertikala	verticale
ispravke	corrections
opisuje	décrit
invaliditetom	handicapées
supstanca	substance
zabranjen	interdit
cijev	tuyau
vojnici	soldats
čuvar	Gardien
predavanje	conférence
simuliranje	simulation
raspored	disposition
inicijative	initiatives
bolestan	mauvais
koncentracija	concentration
položiti	allonger
tumačenje	interprétation
prljav	sale
učio	enseigné
radnik	ouvrier
optimizacija	optimisation
hram	temple
tvari	substances
dokazati	prouver
otkriven	découvert
krila	ailes
genetski	génétique
ograničenja	restrictions
tanak	mince
izložba	exposition
greben	crête
modem	modem
donošenje	apportant
bolestan	malade
procijeniti	évaluer
tropski	tropical
prikupiti	collecte
vektor	vecteur
definitivno	absolument
tokarenje	tournant
postojanje	existence
komentar	commentaire
razvoj	développements
imigracija	immigration
destinacije	destinations
zajednički	mutuel
sintaksa	syntaxe
li	li
atribut	attribut
zatvor	prison
vještina	compétence
stolice	chaises
okolni	alentours
planine	montagnes
popularnost	popularité
pitanje	enquête
provjeren	vérifié
izložak	exposition
bacanje	jeter
trend	tendance
mačke	chats
pustinja	désert
ya	ya
koordinator	coordinateur
Merkur	Mercure
spaljivanje	brûlant
pobjeći	échapper
prijamnik	destinataire
progresivan	progressive
brodovi	bateaux
prvenstvo	championnat
arkada	arcade
nemoguće	impossible
govori	dit
očigledan	évident
depresija	dépression
grafikon	graphique
pokrivati	couvrant
platina	platine
osuda	jugement
razgovori	pourparlers
podnošenje	dépôt
gajiti	favoriser
nagrađen	décerné
ispitivanja	essais
majstori	maîtrise
kaseta	cartouche
obrazloženje	explication
org	org
prevara	fraude
elektricitet	électricité
spektar	spectre
dolazak	arrivée
posuđe	poterie
isticanje	accentuation
super	impressionnant
potvrđen	confirmé
broji	compte
sudar	crash
lift	ascenseur
između	entre
visine	hauteurs
sjena	ombre
trošak	frais
pothvat	entreprise
Klinika	clinique
liječenje	guérison
princeza	Princesse
ulazak	entrer
paket	paquet
studio	studios
učešće	participation
tata	papa
tipke	boutons
plasman	placement
zapažanja	observations
pobjednici	gagnants
ceste	routes
sljedeći	subséquent
dvorište	Cour
otkriće	divulgation
osnivanje	établissement
sjećanja	souvenirs
TE	te
stvara	crée
lica	visages
turist	touristique
ubiti	meurtre
adekvatan	adéquat
senator	sénateur
prezentacije	présentations
probaviti	digérer
prah	poussière
wiki	wiki
zamijeniti	remplacé
radar	radar
gubici	pertes
borba	combat
smanjivanje	réduire
prestao	arrêté
okupacija	Occupation
tijesno	étroitement
radijacija	radiation
kraljevi	rois
pucanje	tournage
uho	oreille
zastave	drapeaux
pekar	boulanger
konzervativan	conservateur
šok	choc
efikasnost	efficacité
kravata	attacher
krov	toit
pokazati	démontrer
atmosfera	atmosphère
poljubac	baiser
zvijer	bête
ra	ra
operiran	exploité
eksperiment	expérience
ciljevi	cibles
kupi	achats
federacija	fédération
pizza	Pizza
pozvan	invité
zadatak	affectation
modni	mod
upita	requêtes
odsutnost	absence
dobavljači	vendeurs
joga	yoga
služi	sert
iznenađenje	surprise
svjetiljka	lampe
vicevi	blagues
savjetovanje	conseils
palača	palais
zadovoljan	satisfait
pobjeda	victoires
skladište	entrepôt
trebala	supposé
običan	ordinaire
duh	fantôme
povreda	violation
šef	patron
ponos	fierté
očekivanja	attentes
nezavisnost	indépendance
poznavanje	connaissance
reporter	journaliste
metabolizam	métabolisme
prvak	champion
lično	personnellement
mnogo	beaucoup
solo	solo
grlo	gorge
bogatstvo	richesse
vakuum	vide
ples	dansant
prepoznati	reconnaître
piše	écrit
trg	place
traganje	quête
objaviti	publier
probir	dépistage
trans	trans
pionir	pionnier
zaboravljen	oublié
akrobata	acrobate
ploče	plaques
eseji	essais
ponašanje	comportement
reći	récit
pošteno	équitablement
inteligentan	intelligent
načini	modes
obaveza	obligation
luka	port
putnik	voyageur
segment	segment
neprijatelj	ennemi
puzzle	puzzle
bunara	puits
ograničen	limité
republikanac	républicain
tajne	secrets
sindrom	syndrome
pohađanje	présence
kazna	peine
bubanj	tambour
omogućuje	permet
graditelj	constructeur
vidik	vue
poplava	inonder
olakšati	facilité
argumenti	arguments
arena	arène
avanture	aventures
zjenice	élèves
Obavijest	annonce
ishod	résultat
cijeniti	apprécier
proširen	étendu
odrastao	mûr
lijep	charmant
centri	centres
klauzula	clause
osmijeh	sourire
zemljišta	terres
trupe	troupes
naoružan	armé
bor	pin
hlađenje	refroidissement
zaljev	golfe
kamioni	camions
mehanizmi	mécanismes
razvod	divorce
tradicija	tradition
tablete	pilules
tigar	tigre
ljudi	gens
senzor	capteur
izložen	exposé
lov	chasse
anđeli	anges
zamjenik	adjoint
thai	thaïlandais
emisija	émissions
liječnici	médecins
prigovor	plainte
scene	scènes
pokusi	expériences
pojačati	renforcer
vladavina	gouvernance
mlin	moulin
osnovan	fondé
kroničan	chronique
jazbina	tanière
prst	doigt
drži	garde
funta	livre
pronaći	Localiser
pl	PL
obučen	qualifié
provođenje	exécution
kruh	pain
motori	moteurs
tvrd	dure
incident	incident
dinamika	dynamique
laž	mensonge
razgovor	conversation
smanjenje	diminution
obožavanje	culte
sposobnost	aptitude
ak	Alaska
preciznost	précision
štete	dégâts
rezerve	réserves
riješiti	résoudre
manjina	minorité
drugačiji	diverse
Sastojci	Ingrédients
Ah	ah
tonovi	tons
rehabilitacija	réhabilitation
vid	vue
glina	argile
slab	faible
podijeljen	divisé
recepcija	accueil
mudar	sage
izgledi	chances
seminari	séminaires
posljedice	conséquences
odluka	décideurs
geografija	géographie
integritet	intégrité
nasljedstvo	héritage
zadovoljan	heureux
opasnost	danger
vitamin	vitamine
obrađen	traité
fraza	phrase
podizanje	élevage
implikacije	implications
funkcionalnost	fonctionnalité
raj	paradis
hibrid	hybride
čita	lit
emotivan	émotif
slava	gloire
ja	ja
geografski	géographique
prekoračiti	dépasser
štap	barre
svila	soie
bebe	bébés
dvo	bi
romantičan	romantique
objavi	révélé
stručnjaci	spécialistes
generator	Générateur
suspenzija	suspension
tužan	triste
korekcija	correction
vuk	Loup
polako	lentement
dopuniti	supplément
dijelovi	portions
dječji	bébé
sektori	secteurs
tekućina	fluide
teren	terrains
obrok	repas
tA	ta
strojevi	machinerie
jednadžba	équation
košare	paniers
vjerojatnost	probabilité
dimenzija	dimension
studirao	étudié
dobit	bénéfices
vrag	diable
trava	herbe
ilustrirano	illustré
trešnja	Cerise
kontinentalni	continental
dostignuće	réussite
ograničenja	limites
pogreb	funérailles
poglavlja	chapitres
putnik	passager
zgodan	pratique
Mars	Mars
veličine	taille
jaje	Oeuf
signali	signaux
orijentacija	orientation
krađa	vol
djetinjstvo	enfance
simboli	symboles
lat	lat
meta	méta
analog	analogique
talenat	Talent
datiran	daté
mudrost	sagesse
granica	frontière
elita	élite
vojnik	gi
vjeruje	croit
pjesme	poèmes
nadležnost	juridiction
robot	robot
prikazivanje	visualisation
svjedok	témoin
opremljen	équipé
faze	étapes
sur	sur
stečena	acquis
procijeniti	évaluer
pranje	lavage
ulaz	entrée
izjava	déclaration
gubljenje	perdant
pokušaji	tentatives
plemenite	noble
automatizacija	automatisation
utjecaji	impacts
revolucija	tour
prednosti	avantages
vitez	Chevalier
ciljevi	objectifs
ekstenzije	extensions
žalbe	appels
bolest	maladie
Ho	ho
alternative	alternatives
sh	sh
sapun	savon
pekmez	confiture
neuobičajen	inhabituel
odgovorio	répondu
razaranje	destruction
migracija	migration
poremećaj	désordre
konvencionalne	conventionnel
nošenje	portant
os	axe
traži	recherché
geni	gènes
srednja	médian
skener	scanner
ovdje	ici
animirani	Animé
podešavanje	ajustement
junak	héros
tretmani	traitements
stav	attitude
tepih	tapis
leće	lentilles
prisustvovao	assisté
teškoća	difficulté
punk	punk
koalicija	coalition
upis	inscription
vojvoda	Duc
tempo	rythme
proizvođači	producteurs
luk	arc
sučelja	interfaces
atlas	atlas
zapažanje	observation
mučenje	torture
izbrisana	supprimé
kaput	manteau
obnova	restauration
pogodnost	commodité
povratak	retour
opozicija	opposition
kontejner	récipient
tuženik	défendeur
nadglednik	superviseur
korpus	corps
glumci	acteurs
jetra	foie
odgovoran	assujetti
peticija	pétition
antena	antenne
izabran	choisi
vjerovanje	croyance
ubijanje	meurtre
rame	épaule
dekor	décor
ion	ion
promjer	diamètre
podcast	Podcast
interakcije	interactions
pjevač	chanteur
glasnik	héraut
starenje	vieillissement
intervencija	intervention
uključiti	brancher
privlačnost	attraction
ronjenje	plongée
modifikacija	modification
pretpostaviti	supposer
trska	roseau
obuhvatiti	impliquer
umjeren	modérer
miševi	souris
razumjeti	compris
brzo	rapidement
zabrana	interdire
uvjerenje	assurance
događa	événement
ogroman	vaste
mlinovi	moulins
obris	contour
prima	reçoit
traperice	jeans
kompilacija	compilation
neparan	impair
sigma	Sigma
gr	gr
atraktivan	attrayant
prilika	occasion
snimke	enregistrements
žrtva	victime
zahtjevi	demandes
pažljiv	prudent
snop	faisceau
vrtlarstvo	jardinage
obveze	obligations
stići	arrivée
orkestar	orchestre
licenca	Licence
prilagodljiv	Ajustable
namjena	allocation
esej	essai
pokazao	démontré
dijalog	dialogue
kampovi	camps
proglašen	déclaré
trag	trace
zatvoriti	fermer
omot	paquets
ge	ge
instaliranje	pose
prekidači	interrupteurs
dobrovoljan	volontaire
ti	tu
veoma	très
ng	ng
obično	communément
pe	pe
fotograf	photographe
plakati	cri
kvantni	quantum
konstruiran	construit
dodaci	additions
traži	exigeant
strijela	flèche
angažman	engagement
hrapav	rugueux
čudan	bizarre
lav	Lion
vjenčanja	mariages
kisik	oxygène
kanjon	canyon
metara	mètres
samo	seulement
kalendari	calendriers
uređenje	arrangement
zaključci	conclusions
bibliografija	bibliographie
pokazivač	aiguille
kompatibilnost	compatibilité
rastezanje	étendue
dozvole	permis
zadruga	coopérative
hraniti	alimentation
općina	canton
ljestvici	classements
mjerenje	mesure
remen	sangle
gužva	foule
transferi	transferts
olimpijski	olympique
transformacija	transformation
dir	dir
carina	douane
administratori	administrateurs
osoba	personnalité
kuka	crochet
rulet	roulette
odbiti	déclin
vrpca	corde
oblak	nuage
olakšati	faciliter
val	val
objašnjava	explique
postupiti	procéder
osjećaji	sentiments
nož	couteau
posvojiti	adopter
odbijen	dénié
donacija	don
vanjski	extérieur
usjev	surgir
rijeka	rivières
čvorovi	nœuds
naveo	cité
središte	centre
ciljano	ciblée
shvatio	réalisé
osnivač	fondateur
desetljeće	décennie
rasprava	contestation
umoran	fatigué
štetan	négatif
izvod	extrait
pražnjenje	décharge
pića	boissons
as	as
glasovi	voix
penjanje	escalade
tona	tonnes
parfem	parfum
opasan	dangereux
vratiti	restaurer
stog	empiler
metodologija	méthodologie
ugled	réputation
demokrati	démocrates
objesiti	pendre
zavoj	courbe
tvorac	créateur
jantar	ambre
muzeji	musées
šifriranje	codage
tragač	traqueur
varijacija	variation
prolaz	passage
prebačen	transféré
deblo	tronc
fotografirati	photographier
valovi	vagues
deva	chameau
distributer	distributeur
chi	chi
prikupljanje	rassemblement
projekcija	projection
matematički	mathématique
logičan	logique
umak	sauce
slava	célébrité
specijalizirani	spécialisé
korporacije	sociétés
kritika	critique
automobil	voiture
suci	juges
opaske	remarques
otkrivena	détecté
slike	peintures
hodao	marché
proizlaze	découlant
populacije	populations
uplašen	peur
akustički	acoustique
kaseta	cassette
indikator	indicateur
jpg	jpg
pogreška	erreur
eliminirati	éliminer
mineral	minéral
rubin	rubis
perle	perles
bogatstvo	fortune
platno	Toile
prag	seuil
župljani	paroisse
ekrani	écrans
groblje	cimetière
stadion	stade
istraživanje	exploration
min	minutes
stabljika	tige
astronomija	astronomie
natjecanja	concours
gripa	grippe
kostim	costume
bicikle	vélos
biskup	évêque
izvukao	tiré
kukuruz	blé
kompresija	compression
uspostavljanje	établissement
seljak	agriculteur
kositar	étain
rob	esclave
odmah	immédiatement
treniranje	encadrement
pregledan	examiné
kodiranje	codage
Tvrdnje	soumissions
heroji	héros
obojen	peint
portret	portrait
terorista	terroriste
etički	éthique
nositelji	transporteurs
mobilnost	mobilité
borba	lutte
sheme	régimes
pati	Souffrance
neutralan	neutre
ribolovac	pêcheur
štakor	rat
koplja	lances
spajanje	joindre
naslov	titre
Umjetna	artificiel
ležaj	palier
spektakularan	spectaculaire
svjetovi	mondes
kriv	coupable
aktiviranje	Activation
utočište	havre
tableta	tablette
porota	jury
dos	dos
rep	queue
draž	charme
nasilan	violent
potencijalno	potentiellement
ranč	ranch
ograničenja	contraintes
prijelaz	traversée
uključujući	compris
kućica	chalet
pijan	ivre
znatan	considérable
zločini	crimes
riješen	résolu
bajt	octet
nos	nez
grane	branches
stranac	extraterrestre
procesora	processeurs
razbio	cassé
složenost	complexité
konstantno	constamment
odlučnost	résoudre
područja	territoires
teza	thèse
diskovi	disques
čest	fréquent
strop	plafond
piksela	pixels
gen	gen
karo	diamants
flota	flotte
mnogo	bouquet
teorijski	théorique
upućivanje	référence
prestati	quitter
protokoli	protocoles
pluća	poumon
zamjena	remplacer
sjajan	brillant
ti	ti
gel	gel
govorni	parlé
omega	oméga
procijenjen	évalué
ostao	séjourné
vidi	voit
završetak	Résiliation
gledao	regardé
domaćinstva	ménages
otkupiti	racheter
žitarica	grain
režim	régime
bik	taureau
arhitektonski	architectural
razlikuju	différer
pokreti	mouvements
popravci	réparations
dah	souffle
sadržajima	équipements
praktično	virtuellement
tržište	marché
svijeća	bougie
vješanje	pendaison
obojen	coloré
priča	conte
ranije	anciennement
projektor	projecteur
smješten	situé
traži	cherche
strogo	strictement
psihološki	psychologique
vitamini	vitamines
elegantan	élégant
dobici	gains
obnova	renouvellement
genealogija	généalogie
smatra	réputée
urezivanje	points
trošak	dépense
kritičari	critiques
algoritmi	algorithmes
haker	pirate
salon	salon
turbina	turbo
lijek	guérir
ni	ni
misli	pense
prijedlog	suggestion
vojnik	soldat
bomba	bombe
šteta	nuire
interval	intervalle
ogledala	miroirs
istraga	enquêter
tvoj	tes
paneli	panneaux
ponovljen	répété
napad	agression
jelen	cerf
jezik	langue
kuglanje	bowling
tri	tri
majmun	singe
razmjer	proportion
suknja	jupe
analize	analyses
crteži	dessins
značaj	importance
scenario	scénario
vi	vous
arapski	arabe
mjerilo	jauge
zaštitu	protéger
suočeni	face
rješavanje	résolution
proizvodi	produit
intenzivan	intensif
lanci	Chaînes
šesti	sixième
angažirati	engager
prebacivanje	commutation
Dopisivanje	correspondance
uvoz	importations
nadzor	surveillance
rashodi	dépenses
odvajanje	séparation
svjedočanstvo	témoignage
sumnjiv	suspect
obavezan	obligatoire
granice	limites
Proslava	fête
filtriranje	filtration
suprug	époux
Egzotično	exotique
gledatelj	téléspectateur
dostizanje	atteindre
smijeh	rire
kirurška	chirurgical
uništiti	détruire
citat	citation
yo	yo
prostorije	locaux
dokazao	prouvé
uvredljiv	offensive
carski	impérial
tucet	douzaine
razvoj	déploiement
tkanina	tissu
lotos	lotus
losos	Saumon
teret	cargaison
direktiva	directif
pariti	camarade
maslac	beurre
papar	poivre
oružje	arme
teret	charge
vrpce	bandes
zone	zones
Otok	île
vitak	svelte
javor	érable
trgovine	épicerie
upravni	gouvernant
depo	dépôt
alt	alt
pita	tarte
mješavina	mélange
emisija	émission
vidljiv	apparent
nastavni	éducatif
dozvole	autorisations
WC	toilette
rangirani	classé
ruta	routes
montiranje	montage
vezan	lié
uravnotežen	équilibré
kasni	différé
dolina	vallée
računanje	calcul
vile	villas
prilike	occasions
jednadžbe	équations
ulja	huiles
bratstvo	septembre
izuzetan	exceptionnel
anksioznost	anxiété
prostorni	spatial
ispitanici	répondants
razmatranja	considérations
plaća	paie
sunčano	ensoleillé
donosi	livre
Je	je
ogrlica	Collier
mješavina	composite
lang	lang
kazališta	théâtres
projektiranje	conception
nade	espoirs
procjene	évaluations
dijagram	diagramme
obuća	chaussure
sg	sg
narodi	peuples
pobjednik	Victor
licence	licences
rasponi	gammes
parovi	paires
osjetljivost	sensibilité
čuvanje	préservation
izolirani	isolé
privremena	intérimaire
pomogao	assisté
božanski	Divin
odobriti	approuver
spoj	composé
intenzitet	intensité
tehnološki	technologique
abortus	Avortement
dijaloški	dialogue
prostorima	lieux
eksplozija	explosion
adresiranje	adressage
pol	pôle
štit	bouclier
membrana	membrane
očajan	désespéré
majke	mères
demonstracija	manifestation
vladin	gouvernemental
proizveden	fabriqué
svijeće	bougies
varijacije	variations
mame	mamans
svet	sacré
ovisnost	dépendance
krom	chrome
odbijen	refusé
kočnica	frein
vanjski	extérieur
pozdrav	salutation
ekologija	écologie
klisura	glen
nezaposlenost	chômage
zabio	marqué
poboljšanje	renforcement
klon	cloner
brzina	rapidité
À	lambda
sastavljen	composé
suze	larmes
oaza	oasis
taksi	taxi
fa	FA
društva	sociétés
silicij	silicium
identičan	identique
nafta	pétrole
konkurirati	rivaliser
ist	ist
ljubavnik	amoureux
pripadati	appartenir
usne	lèvres
pratnja	escorte
jezero	étang
trajekt	traversier
zec	lapin
profesija	métier
brana	barrage
fiziologija	physiologie
izvoz	exportations
guma	pneu
učesnik	participant
elektron	électron
opterećenja	charges
vrijesak	bruyère
motel	motel
sindikati	syndicats
riznica	Trésorerie
okupiran	occupé
vage	Balance
naprezanje	souche
uhićen	arrêté
istraživanja	enquêtes
stekao	gagné
praonica	blanchisserie
smještanje	placement
prilagoditi	régler
procjenjuje	évalués
šifriranje	chiffrement
punjenje	remplissage
nametnuti	imposé
tišina	silence
sovjetski	soviétique
posjed	possession
ugovor	traité
trener	entraîneur
orgulje	organe
limun	citron
tama	obscurité
pedalj	envergure
vic	blague
pakiranje	emballage
statut	loi
odbijen	rejeté
sklonište	abri
kapela	chapelle
proizvodnja	fabrication
slojevi	couches
slaviti	célébrer
uređaj	appareil
smjesa	mélange
jahač	cavalier
radius	rayon
impresivan	impressionnant
ovca	mouton
arhitekt	architecte
predavanja	conférences
vina	vins
šalice	tasses
pepeo	cendre
suradnici	contributeurs
salata	salade
prekršaji	violations
temperature	températures
natjecanja	compétitions
sačuvati	préserver
pjesma	poème
ostanak	rester
Uskrs	Pâques
teorije	théories
skladište	dépôt
potoci	ruisseaux
slijetanje	atterrissage
pogubljen	réalisé
pregovori	négociations
realističan	réaliste
pita	demande
sinopsis	synopsis
kompozitor	compositeur
grah	haricot
mač	épée
izmjene	modifications
koraljni	corail
piksela	pixel
staze	chemins
mjehurić	bulle
por	por
steći	acquérir
suprotno	contraire
tribina	tribune
Brod	navire
kiseline	acides
virusi	virus
naljepnice	autocollants
reakcije	réactions
vjerovanja	croyances
odjeljenje	équipe
analizirati	analyser
podjele	divisions
plivati	nager
nano	nano
koncerti	concerts
muškarci	mâles
zadržati	conserver
boje	couleurs
izvršiti	exécuter
tunel	tunnel
žanrovi	genres
patenti	brevets
pšenica	blé
kronike	chroniques
dobivanje	obtention
dabar	castor
čitanja	lectures
uvećanje	élargissement
orlovi	aigles
baze	bases
optuženik	accusé
kampanje	campagnes
jedinstvo	unité
definira	définit
slučajevi	instances
domaći	indigène
počela	commencé
paketi	paquets
sidro	ancre
čarape	chaussettes
okidač	déclencheur
kolesterol	cholestérol
diferencijal	différentiel
površine	surfaces
užasan	terrible
usmjerivači	routeurs
satovi	horloges
artritis	arthrite
bios	bios
ženke	femelles
odražava	reflète
oporezivanje	Imposition
groznica	fièvre
kuhinja	cuisine
sigurno	sûrement
praktičari	praticiens
teorema	théorème
inflacija	inflation
ti	te
spojevi	composés
bubnjevi	tambours
razumno	raisonnablement
ogoljen	nu
radikal	radical
preporučuje	recommande
kontrolni	commander
blago	Trésor
plamen	flamme
jama	fosse
mono	mono
čestice	particules
plivajući	flottant
Koordinirati	coordonner
isključivo	exclusivement
ograničenje	limitation
pogođen	frappé
ilustracija	illustration
upozorenja	avertissements
izgraditi	construction
aplikacije	applications
upita	enquêtes
dodatak	annexe
inspiracija	inspiration
teretni	fret
zasjeniti	éclipse
utječe	affecte
prognoze	prévisions
otkriti	détecter
aktivno	activement
složen	compliqué
ozlijeđen	blessé
izrazi	expressions
tona	tonne
kurir	courrier
savjeti	astuces
gif	gif
sukobi	conflits
piće	boisson
danak	hommage
imun	immunitaire
šumarstvo	sylviculture
barijere	barrières
nagib	pente
rijetko	rarement
ponuda	offres
prepreka	barrière
bicikl	vélo
namještaj	mobilier
ustati	survenir
keltski	celtique
čestica	particule
vlažnost	humidité
boce	bouteilles
dm	dm
preporod	Renaissance
propis	ordonnance
fotografi	photographes
infekcije	infections
šah	échecs
djeluje	fonctionne
festivale	festivals
mogućnosti	possibilités
patka	canard
kanal	canal
doprinosi	contribuant
krava	vache
analitički	analytique
kostimi	costumes
strog	strict
Cirkulacija	circulation
prekršaj	infraction
pretpostavka	supposition
hobi	loisir
pokušava	essais
izum	invention
tehničar	technicien
rukovoditelji	cadres
upita	enquêtes
spoznajni	cognitif
istraživanje	explorant
trik	tour
pitanje	enquête
zatvaranje	fermeture
greda	bois
volt	volt
intenzivan	intense
pristaše	partisans
statuti	statuts
upisao	inscrits
senzori	capteurs
vijak	vis
ministri	ministres
javno	publiquement
patio	souffert
usisni	admission
leptir	papillon
mehanika	mécanique
zaglavlja	têtes
greške	erreurs
numerički	numérique
definiranje	définissant
računajući	compte
odraz	réflexion
poziv	invitation
natrij	sodium
hormon	hormone
dječji	enfants
cigla	brique
zahvat	poignée
srednjovjekovni	médiéval
porculan	porcelaine
uhvaćen	capturé
pristojan	décent
lijevanje	fonderie
preveo	traduit
gospođa	dona
ratnik	guerrier
kabina	cabine
skeniranje	balayage
polo	polo
kopiranje	copier
rog	klaxon
novinarstvo	journalisme
žaba	grenouille
gramatika	grammaire
namjera	intention
gume	pneus
poduzeti	entreprise
opasnost	danger
epizoda	épisodes
kružni	circulaire
bijes	colère
ilustracije	illustrations
šanse	chances
sreća	bonheur
bizaran	bizarre
ur	ur
voće	fruits
identifikator	identificateur
vrpca	ruban
izračuni	calculs
jPEG	jpeg
pokretanje	Commencez
spretan	pratique
razmjena	échanger
oslobođen	exempter
usjevi	cultures
smanjuje	réduit
ostvariti	accompli
geometrija	géométrie
utisak	impression
ceh	guilde
korelacija	corrélation
sim	sim
živčani	nerveux
miris	fragrance
replika	réplique
pleme	tribu
obrta	métiers
divan	superbe
osloboditi	débarrasser
trojstvo	trinité
rukovati	manipulés
legende	légendes
uspon	boom
smiriti	calme
prvaci	champions
podovi	étages
izbor	sélections
uspoređivanje	comparant
govori	parle
strukovno	professionnel
ljekarne	pharmacies
ln	Dans
valjak	rouleau
serija	lot
organizirati	organiser
poštovati	apprécié
mijenjati	modifier
rubovi	bords
miješanje	mélange
ručke	poignées
sklad	harmonie
razlikuje	distingué
astma	asthme
pretpostavke	hypothèses
regulirano	réglementé
trokut	Triangle
ispraviti	modifier
predviđa	anticipé
istočnjački	Oriental
nagrada	récompense
vodik	hydrogène
usporedivo	comparable
pristalica	avocat
zbunjenost	confusion
ulazi	contributions
jamstva	garanties
genom	génome
medalja	médaille
treneri	entraîneurs
posuđe	navires
luka	port
eko	eco
ranjiv	vulnérable
urediti	organiser
umjetnički	artistique
počasti	honneurs
ogleda	reflété
ujedinjen	unifié
vrsta	race
detektor	détecteur
zanemarena	ignoré
precizan	précis
ocjenjivanje	évaluer
usna	lèvre
okupiti	recueillir
formiranje	formant
novinari	journalistes
blagi	mince
posredan	indirect
među	parmi
temelji	fondations
horizont	horizon
nu	nu
duboko	profondément
pasiva	passif
nagrade	prix
smanjen	diminué
opisujući	décrivant
optika	optique
progoniti	poursuivre
munja	foudre
ou	OU
citati	citations
inspektor	inspecteur
zmija	serpent
podsjetnik	rappel
tražili	cherché
ravnice	plaines
uvidi	idées
sposobnosti	capacités
pokrenut	initié
karaoke	karaoké
zamka	piège
usamljen	solitaire
ve	ve
promatrati	observer
spremnici	conteneurs
stavovi	attitudes
bobica	baie
ovratnik	collier
integrirati	intégrer
sociologija	sociologie
izlošci	expositions
umire	meurt
terasa	terrasse
bakterija	bactéries
treba	devrait
ukusno	délicieux
tradicija	traditions
konačan	fini
šalje	envoie
trajan	durable
saveznički	allié
vlaga	humidité
transformirati	transformer
brojač	minuteur
tablete	comprimés
dobivši	obtenu
nastavnici	éducateurs
povrće	légume
stih	verset
nezavisno	indépendamment
natjecatelji	concurrents
raketa	fusée
aye	toujours
metak	balle
kule	tours
vidljivost	visibilité
širina	latitude
svijest	conscience
tumor	tumeur
ružan	laid
depoziti	dépôts
ljubavnica	maîtresse
susret	rencontre
vata	watts
četrdeset	quarante
cijevi	tubes
pokušaj	tentative
svećenik	prêtre
analitičari	analystes
čekić	marteau
invazija	invasion
trkač	coureur
redovi	lignes
davati	administré
pojam	notion
pravopis	orthographe
Arktik	Arctique
nagrade	récompenses
ispod	sous
ojačati	renforcer
braniti	défendre
infracrveni	infrarouge
sedmi	septième
trbuh	ventre
agresivan	agressif
Oglasi	annonces
četvrtine	quarts
ukraden	volé
određuje	détermine
skulptura	sculpture
poli	poly
uši	oreilles
šaka	poing
neo	néo
motivacija	motivation
putnici	passagers
dosljedno	régulièrement
višak	surplus
kopati	creuser
taksi	Taxi
zahvalnost	appréciation
om	om
ograničenje	restriction
gitare	guitares
suština	essence
moćan	puissant
čovječanstvo	humanité
transkripcija	transcription
komplikacije	complications
znanstvenici	savants
galaksija	galaxie
brižan	soins
zavjet	testament
dominantan	dominant
trbuh	estomac
djelimično	partiellement
umanjiti	minimiser
redovima	rangs
debi	début
generacije	générations
turniri	tournois
poreći	Nier
anatomija	anatomie
slušalice	écouteurs
frakcija	fraction
trio	trio
postupak	instance
kocka	cube
nedostaci	défauts
nesigurnost	incertitude
kvar	panne
riješiti	colonisé
cjepivo	vaccin
sudbina	sort
rezervacije	réservations
Republikanci	républicains
džungla	jungle
Zen	Zen
dis	dis
proricanje	prédiction
ekološki	écologique
ovalan	ovale
podrazumijeva	implique
ser	ser
procjena	évaluation
vjerojatnost	perspective
geografski	géographique
donor	donneur
napetost	tension
smeće	poubelle
oblika	formes
red	étage
grof	comte
zavičaj	patrie
prvenstvo	championnats
pasmine	races
diskoteka	disco
aus	aus
dorada	finition
emocije	émotions
vječan	éternel
rotacija	rotation
Nam	nam
produktivan	productif
bulevar	boulevard
svinja	porc
metrički	métrique
kazne	pénalités
raznolik	varié
grande	grande
glumica	actrice
dodijeliti	attribuer
smjestiti	accommoder
tigrovi	tigres
sela	villages
hlad	ombre
pripjev	Refrain
ritam	rythme
broj	chiffre
simfonija	symphonie
naglo	soudain
prihvaćanjem	acceptant
bazeni	piscines
lirski	lyrique
izolacija	isolement
brzine	vitesses
neprekidan	soutenu
uskladiti	appariés
približan	approximatif
uže	corde
racionalan	rationnel
programer	programmeur
borci	combattants
naslijedio	hérité
nepotpun	incomplet
vokal	voix
fontana	Fontaine
legitiman	légitime
biografije	Biographies
istraživač	enquêteur
tužitelj	demandeur
nježan	doux
dostojan	digne
arhitekti	architectes
sveci	saints
poduzetnik	entrepreneur
nosi	porte
dvojac	duo
pretjeran	excessif
štedi	sauve
smatrati	considéré
vrijednost	évaluation
neočekivan	inattendu
magla	brouillard
svojstvo	caractéristiques
lobi	hall
navedeno	décrit
ogroman	énorme
karma	karma
sastojati	consister
kraljice	reines
akademici	universitaires
plemena	tribus
razlika	distinction
opasnosti	dangers
izuzeće	exemption
stanar	locataire
održivost	durabilité
tetoviranje	tatouage
algebra	algèbre
sjene	ombres
glup	idiot
slobodno	librement
blag	doux
krzno	fourrure
spremno	facilement
pripadanje	affiliation
ograda	clôture
beskonačan	infini
klan	clan
revolucionar	révolutionnaire
narukvice	bracelets
lijek	remède
disanje	respiration
kratko	brièvement
debljina	épaisseur
grafički	graphique
genije	génie
raspravlja	discuter
borac	combattant
značajan	significatif
prilagođen	adapté
imanja	domaines
tepih	couverture
demokrat	démocrate
varoš	arrondissement
održava	maintient
ke	ka
zadržan	retenu
mramor	marbre
dem	dem
meditacija	méditation
mikrofon	microphone
Kombinirajući	combinant
divovi	géants
organiziranje	organisation
memorandum	note
šunka	jambon
riješen	résolu
plima	marée
pregrada	cloison
nevidljiv	invisible
konzole	consoles
magnet	aimant
prijevodi	traductions
jaguar	jaguar
roba	marchandise
kilometara	kilomètres
jamstva	garanties
gotika	gothique
cilindar	cylindre
vještica	sorcière
mužjak	mâle
Neprijatelji	ennemis
savjetovanje	Conseil
uživanje	profiter
patrola	patrouille
miris	odeur
karneval	carnaval
grubo	grossièrement
naljepnica	autocollant
obećanja	promesses
greben	récif
podijeliti	diviser
uzastopni	consécutif
bon	bon
prikazi	représentations
chan	chan
pjesme	airs
mas	mas
fraze	phrases
kai	kai
poluotok	péninsule
dosadan	ennuyeuse
dom	dom
govori	discours
doseže	atteint
shema	schéma
katalozi	catalogues
ministarstva	ministères
parlamentarni	parlementaire
prefiks	préfixe
Savannah	savane
barel	baril
živac	nerf
dans	Dans
planeti	planètes
deficit	déficit
obnoviti	renouveler
spojen	accouplé
krugovi	circuits
tekstura	texture
priznati	reconnaître
šator	tente
identificira	identifie
kvalifikacija	qualification
brave	serrures
minijatura	miniature
eura	euros
pirati	pirates
antena	aérien
Sokol	faucon
posljedica	conséquence
sistematski	systématique
percipiraju	perçue
podrijetlo	origines
zaposlen	embauché
šminka	maquillage
UI	ui
utezi	poids
geološki	géologique
trajan	durable
zao	méchant
uvodi	introduit
gurnula	pressé
ro	ro
nagib	pente
pjesnik	poète
zavjera	conspiration
teologija	théologie
nokti	ongles
evidentan	évident
vožnje	manèges
ep	épique
organizator	organisateur
alergija	allergie
sake	Saké
kombinacije	combinaisons
prethodnih	précédent
zasluga	mérite
enzim	enzyme
zrakoplovi	Avions
diskovi	disques
pojačalo	amplificateur
proizvoljan	arbitraire
istaknut	important
sans	sans
gradi	construit
kontakt	contacté
vratilo	arbre
mršav	maigre
poneki	occasionnel
inovacije	innovations
pregleda	révision
panika	panique
državljanstvo	citoyenneté
izgovor	excuse
reforme	réformes
luk	oignon
sendvič	sandwich
alt	alto
hijerarhija	hiérarchie
napušten	abandonné
krugovi	cercles
otkucaja	Beats
veseo	joyeux
kult	culte
crtica	tiret
pasivno	passif
cijenjena	estimé
kavez	cage
hrabrost	courage
visina	élévation
krug	tour
iskorištenje	utilisation
pića	boissons
ping	ping
zabavan	divertissant
preduvjet	prérequis
granica	frontière
izbjeglice	réfugiés
vitezovi	chevaliers
hipoteza	hypothèse
lijekovi	médicaments
promijenjen	modifié
doktrina	doctrine
lijep	scénique
poboljšanja	améliorations
križanje	intersection
šivanje	couture
kolektori	collectionneurs
priznat	reconnu
bijes	rage
prix	prix
astrologija	astrologie
savjetnici	conseillers
paviljon	pavillon
taktika	tactique
naknadni	additionnel
talentirani	talentueux
jastuk	oreiller
širenje	diffusion
provincija	provinces
ukrasti	voler
parcela	parcelle
učestalost	incidence
strahovi	craintes
predvidjeti	prédire
aroma	saveur
gladan	affamé
metalik	métallique
interferencija	ingérence
ratnici	guerriers
atmosferski	atmosphérique
halo	Halo
roditeljski	parental
upućuje	référencé
štrajkovi	grèves
mrav	fourmi
prijedlog	proposition
pogodan	apte
rješavati	traité
trgovac	Commerçant
bačen	jeté
kriterij	critère
Bedž	badge
civilizacija	civilisation
vrijes	bruyère
ogroman	énorme
obavlja	exécute
carstvo	domaine
ispravljeno	corrigée
kaciga	casque
naišao	rencontré
cunami	tsunami
učenjak	savant
okružen	entouré
geologija	géologie
stvorenja	créatures
izbrisan	dégagé
ostvariti	accomplir
kutovi	coins
vegetarijanac	végétarien
kvasac	Levure
korak	pas
istražuju	enquête
ambasador	ambassadeur
premazan	recouvert
sudbina	condamner
rutine	routines
bića	êtres
oslanjanje	dépendance
mit	mythe
potok	ruisseau
fu	fu
fenomen	phénomène
ansambl	ensemble
osiguran	assuré
svjestan	conscient
naglasak	accent
supruge	épouses
iskoristiti	utiliser
zalog	gage
vampir	vampire
pristanište	Dock
organizirani	organisé
glazbenik	musicien
ograničavajući	limitant
obnovljena	restauré
savjet	allusion
oklop	armure
napomena	remarque
desetine	douzaines
varira	varie
rasuđivanje	raisonnement
čuvari	gardes
otvori	ouvertures
zamjena	remplaçant
istraživač	chercheur
vijeća	conseils
zanimanja	professions
priznao	reconnu
svinjetina	porc
zu	zu
ravnoteža	équilibre
cijevi	pipes
vikendice	chalets
sjediniti	fusionner
privilegija	privilège
razvija	développe
šasija	châssis
procjena	estimation
staja	Grange
mraz	gel
ustanove	instituts
kalup	moule
dama	dame
jahta	yacht
voli	préfère
bušenje	forage
biljka	herbe
kršenje	violation
kit	baleine
putnik	voyageur
izdvajanja	crédits
sumnja	soupçonné
rajčice	tomates
instruktori	instructeurs
moment	élan
peraje	ailette
pastor	pasteur
blato	boue
smaragd	émeraude
raste	pousse
rasprava	tract
ul	ul
balet	ballet
novinar	journaliste
religije	religions
češnjak	Ail
sjaj	éclat
Eksplozija	explosion
gaćice	slips
potpisi	signatures
ozon	ozone
discipline	disciplines
casa	casa
razgovori	conversations
radio	radios
tarifa	tarif
pojednostavljen	simplifié
mišići	muscles
brz	rapide
vagina	vagin
šampanjac	Champagne
devijacija	déviation
samba	samba
zaposliti	employer
pingvin	manchot
čaroban	magique
utjecaji	influences
inspekcije	inspections
navodnjavanje	irrigation
čudo	miracle
hidraulički	hydraulique
prodiranje	pénétration
rana	blessure
ljepotica	belle
Rosa	rosa
osuda	conviction
lijen	paresseux
osobine	qualités
oci	ancêtres
punjenje	charge
važnije	important
tanka	menue
aparat	appareil
teren	terrain
objašnjavajući	expliquant
trake	bandes
imenovanje	nomination
empirijska	empirique
crv	ver
zavisnost	dépendance
diskretna	discret
početnik	débutant
poklopac	couvercle
seksualnost	sexualité
safir	saphir
povlastice	privilèges
specijaliziran	spécialisation
obilježava	marquage
šerif	shérif
odbijeno	diminué
špijuni	espions
motocikli	motocyclettes
izabrati	élire
autoceste	autoroutes
koncentrat	concentrer
intiman	intime
molekule	molécules
kola	tours
hladnjak	réfrigérateur
intervali	intervalles
rečenice	Phrases
uništenje	holocauste
letak	prospectus
grašak	pois
doziranje	dosage
varijacija	variance
navigator	navigateur
igla	aiguille
kupke	thermes
kočnice	freins
og	og
ko	ko
posjeduje	propriétaire
sudbina	destin
krajolici	paysages
računanje	calcul
sijeno	foins
spasenje	salut
predviđanja	prévisions
učenici	apprenants
znak	jeton
cinkov	zinc
žrtva	sacrifice
azila	demandeurs
guru	gourou
prilagođen	adapté
numerički	numérique
antropologija	anthropologie
car	empereur
grad	grad
remenje	ceintures
crnci	noirs
obrazovan	cultivé
ponosno	fièrement
nužnost	nécessité
krivulje	courbes
obilazak	tournée
tjeme	sommet
rajčica	tomate
putovanja	voyages
blijed	pâle
funkcioniranje	fonctionnement
ekonomija	économies
poduzeti	entreprendre
proglasiti	déclarer
ventili	vannes
praznine	lacunes
dostignuća	réalisations
suza	larme
uči	enseigne
nula	néant
stranac	étranger
gnijezdo	nid
sud	tribunal
vladao	gouverné
mirovine	pensions
molitve	prières
policajac	flic
adolescent	adolescent
nominacije	nominations
banana	banane
uvodni	préliminaire
rezervoar	réservoir
pojavljivanje	occurrence
idol	idole
krvav	sanglant
podsjetiti	rappeler
šarmantan	charmant
zub	dent
ugledan	respecté
ostaje	séjours
afera	affaire
ograničiti	restreindre
mine	mines
portreti	portraits
tumačiti	interprété
procjene	évaluations
eliminacija	élimination
metara	mètres
hipotetski	hypothétique
helikopter	hélicoptère
olovka	crayon
izvođač	interprète
provizije	commissions
sfera	sphère
mahovina	mousse
omjeri	rapports
sloga	concorde
diplomirao	graduée
potvrđen	approuvé
iznenađujuće	surprenant
koplje	lance
ljestve	échelle
pluta	Liège
senatori	sénateurs
krvarenje	saignement
karakterizacija	caractérisation
vjerojatnost	probabilité
staze	voies
osnove	fondamentaux
kontaminacija	contamination
kupola	dôme
blagosloviti	bénir
Pregovaranje	négociation
vrh	crête
protivnici	adversaires
trijumf	triomphe
nominiran	nommé
zavarivanje	soudage
orgazam	orgasme
legura	alliage
parcele	parcelles
nježno	doucement
zaključavanje	verrouillage
kontroverzno	controversé
neriješeno	dessine
hladnjak	frigo
noževi	lames
petlje	boucles
udar	poussée
trauma	traumatisme
oglas	publicité
obrambeni	défensive
zabranjen	interdit
vanilija	vanille
programera	programmeurs
prati	suivi
instalacije	installations
duše	âmes
motiviran	motivé
glup	stupide
šupalj	creux
svod	voûte
žlijeb	rainure
otkrivanje	révélation
potjera	poursuite
delegacija	délégation
žice	fils
rječnici	dictionnaires
prozirnost	transparence
orbita	orbite
valute	devises
Niger	Niger
namještanje	placement
kolonija	colonie
top	canon
cirkus	cirque
unaprijeđen	promu
pastrva	truite
podvig	exploit
privremeno	temporairement
kuhan	cuit
prenositi	transmettre
frekvencije	fréquences
razmišljanje	réflexions
glad	faim
općina	municipalité
detektiv	détective
cement	ciment
doživljava	expérience
kamin	cheminée
odobrenje	approbation
tekstil	textiles
raketa	missile
psihijatrija	psychiatrie
asistencija	aide
revizor	Auditeur
violina	violon
prorok	prophète
oksid	oxyde
veličanstven	magnifique
brzo	rapidement
prilagodba	adaptation
štetan	nocif
seksualno	sexuellement
prilog	enceinte
glukoza	glucose
norma	norme
reprodukcija	lecture
kornjača	tortue
udaljenosti	distances
apsorpcija	absorption
blaga	trésors
fosil	fossile
Loše	mal
komunist	communiste
poduzetnici	entrepreneurs
roboti	robots
prekršaj	faute
bioraznolikosti	biodiversité
uzbuđenje	excitation
glagolski	verbal
morima	mers
misteriozan	mystérieux
novost	nouveauté
pločice	carrelage
bibliotekar	bibliothécaire
uključen	commuté
ru	ru
poza	pose
grama	grammes
terapeut	thérapeute
proračuni	budgets
Jarac	chèvre
učiniti	rendre
ploviti	voile
povjerenici	commissaires
gust	dense
hrabar	courageux
prosljeđivanje	expéditeur
grozan	terrible
zrakoplov	avion
organizmi	organismes
teleskop	télescope
azbest	amiante
napredak	avancement
vrba	saule
nastavlja	CV
postojala	existait
generatori	générateurs
generira	génère
krumpir	patates
temeljita	approfondi
receptori	récepteurs
optimalno	optimum
stvorenje	créature
usamljen	seul
fin	subtil
pruge	rayures
firmware	firmware
pastir	berger
kolijevka	berceau
kancelar	chancelier
brašno	farine
polemika	controverse
legendaran	légendaire
zbor	chorale
izbjegavanje	évitant
lijepo	magnifiquement
očekuje	attend
skakanje	sauteur
tkanine	textile
polimer	polymère
higijena	hygiène
vrlina	vertu
kirurzi	chirurgiens
mandat	mandat
zbirka	corpus
terminologija	terminologie
gospodin	gentilhomme
osuđen	condamné
mlaznice	jets
indeksi	indices
qui	Qui
prijeteći	menaçant
aktivisti	militants
zatvorenik	prisonnier
potiče	encourage
sklopljen	assemblé
terminali	terminaux
Sirovi	brut
ispituje	examine
viking	viking
počistiti	nettoyer
uvjetna	conditionnel
napadnut	attaqué
stigne	arrive
prevoditelj	traducteur
automobili	automobiles
traktor	tracteur
kontinent	continent
cijene	tarifs
dužina	longitude
nadao	espéré
umetanje	insertion
ograničenje	contrainte
jačanje	renforcement
želeći	souhaitant
izolacija	isolation
prekršaj	infraction
savijen	courbé
subjektivan	subjectif
čudovišta	monstres
azil	asile
ulog	pieu
koktel	cocktail
sorte	variétés
Otrov	poison
dominira	dominé
skup	cher
derivati	dérivés
sprječava	prévient
puška	fusil
rasizam	racisme
protumačiti	interpréter
sporazum	accord
skroman	modeste
igračima	joueurs
sortiranje	tri
veza	liaison
žarulje	bulbes
turisti	touristes
ponašanja	comportements
razjasniti	clarifier
struk	taille
pripisuje	attribué
sova	hibou
kristali	cristaux
prelazi	dépasse
dopunski	complémentaire
bitke	batailles
gorak	amer
memorandum	mémorandum
zmajevi	dragons
buka	vacarme
nevjerojatno	incroyablement
delegati	délégués
psihijatrijski	psychiatrique
tinejdžeri	adolescents
dvorište	Cour
predsjednici	présidents
odstupiti	partir
izričito	expressément
ljiljan	lis
nadzor	surveillance
smola	résine
saveznici	alliés
očuvan	conservé
prešao	franchi
uzlazni	Ascendant
nazivni	nominal
raspad	pourriture
kvarcni	quartz
registri	registres
osmi	huitième
odobren	autorisé
poboljšava	améliore
zagovara	défenseurs
pojave	phénomènes
nagib	inclinaison
granit	granit
mase	masses
atletičar	athlète
franak	franc
sličnost	similarité
curenje	fuite
savjetnik	conseiller
knjižica	brochure
očekujući	attendant
promet	rotation
urin	urine
ručnik	serviette
đumbir	gingembre
kromosom	chromosome
als	als
muhe	mouches
nadležnost	compétence
plač	pleurs
amateri	amateurs
dizalica	grue
istražuje	enquête
pokvaren	pourri
navika	habitude
čast	honneur
štiti	protège
iris	iris
upravlja	gère
erozija	érosion
stolar	Charpentier
kan	khan
nedovoljan	insuffisant
formuliranje	formulation
pametan	intelligent
gospodari	seigneurs
ugodna	agréable
srp	croissant
šezdeset	soixante
koncentriran	concentré
razlikovati	distinguer
ei	ei
projekcije	projections
iskra	étincelle
osiguranje	fixation
staza	sentier
detektori	détecteurs
šiljak	pointe
sastojak	ingrédient
zavjesa	rideau
opisana	divulgués
taktički	tactique
piloti	pilotes
ekspedicija	expédition
operativan	opératoire
humor	humour
mol	mol
otisak	imprimer
pomažući	assistant
mana	défaut
slabo	pauvrement
Božica	déesse
promatrači	observateurs
magneti	aimants
formula	formules
prostran	spacieux
tvrdi	soutient
tla	sols
organi	organes
Det	det
odanost	fidélité
vjeran	fidèle
prekršaj	infraction
litij	lithium
skok	saut
osnivanje	fondation
labud	cygne
sjetva	plantation
savez	engagement
arheologija	archéologie
mornar	marin
brige	soins
svetilište	sanctuaire
kip	statue
citat	citation
većim	majors
manipulacija	manipulation
zvona	cloches
toksičnost	toxicité
odašiljač	émetteur
četvrti	quartiers
trofej	trophée
emocija	émotion
znamenitosti	spectacles
uniforme	uniformes
ranjen	blessés
derivat	dérivé
stanovanje	occupation
doze	doses
obrazovati	éduquer
predrasuda	préjudice
tehničari	techniciens
vjerojatan	probable
izdavanje	émission
ukras	décoration
državljani	ressortissants
trojanski	troyen
asistenti	assistants
savjetnik	conseiller
donesen	adopté
nestabilan	instable
pozvao	pressé
odražavajući	reflétant
dobivanjem	gagnant
konačan	définitive
putovao	voyagé
prilagoditi	adapter
pristupanje	accession
regulator	régulateur
goriva	carburants
soja	soja
uredan	soigné
imenovanje	appellation
krma	arrière
izrađen	conçu
idiot	idiot
sastoji	composé
vanzemaljci	extraterrestres
izmjene	modifications
gavran	corbeau
stan	habitation
simboličan	symbolique
kutovi	angles
pritisci	pressions
Venera	Vénus
plamen	flammes
primitivan	primitif
čarapa	stockage
ekosustav	écosystème
dvorane	salles
jednostavnost	simplicité
demon	démon
dobrodošla	accueilli
notacija	notation
tetka	tante
vrana	corbeau
semantički	sémantique
ukinut	abandonnées
odlučuje	décide
globalizacija	mondialisation
magaraca	ânes
kompas	boussole
razvio	évolué
pješaštvo	infanterie
slavan	renommé
hodnik	couloir
filozofski	philosophique
opravdanje	justification
prazan	vacant
popravljanje	fixation
gram	gramme
skrivanje	cache
boja	colorant
abeceda	alphabet
očišćeni	nettoyé
poštovan	honoré
optički	optique
telefoni	téléphones
dnevnici	agendas
tuga	douleur
znoj	transpiration
dupin	dauphin
čuda	merveilles
ventilacija	ventilation
maske	masques
poprsje	buste
drvored	ruelle
putevi	voies
telegraf	télégraphe
spomenik	monument
formalno	officiellement
rosa	rosée
povučen	retiré
rasprave	débats
identiteti	identités
nedostatak	carence
sedlo	selle
malarija	paludisme
odan	fidèle
sklonost	tendance
koristi	utilisé
ein	ein
dvogled	jumelles
pokrenuti	lancer
potpuno	purement
živ	vif
navodi	allégations
odgovara	correspond
demon	démon
slavni	célèbre
lovci	chasseurs
djelovao	agi
koeficijent	coefficient
lubanja	crâne
nastavljanje	continuation
sluga	serviteur
Sokol	faucon
zajednički	conjointement
izbjegavati	éviter
objašnjenja	explications
obnovljen	renouvelé
kritičar	critique
sediment	sédiment
trgovi	carrés
kombija	fourgonnettes
konus	cône
preživio	survécu
rasprostranjenost	prévalence
fragment	fragment
obvezuje	engage
kobra	cobra
bacio	jeta
hoc	hoc
izvođači	interprètes
desert	dessert
disertacija	thèse
deveti	neuvième
entuzijazam	enthousiasme
slavlja	célébrations
guverneri	gouverneurs
atomi	atomes
tkiva	tissus
rampa	rampe
lijepo	bien
della	della
dominacija	domination
akordi	accords
poremećaj	détérioration
molekula	molécule
