od	di
do	a
u	in
za	per
je	è
na	sopra
da	quella
po	di
ovaj	Questo
s	con
ja	io
vas	tu
to	esso
ili	o
biti	essere
su	siamo
na	a
svi	tutti
imati	avere
novi	nuovo
mi	noi
htjeti	volere
Dom	casa
nas	noi
oko	di
ako	Se
stranica	pagina
moj	mio
ima	ha
traži	ricerca
besplatno	gratuito
ali	ma
naše	nostro
jedan	uno
drugo	altro
čini	fare
informacija	informazione
vrijeme	tempo
on	lui
koji	quale
njihov	loro
vijesti	notizia
koristiti	uso
tamo	Là
vidjeti	vedere
tako	così
tko	chi
mreža	web
također	anche
dobiti	ottenere
pm	pm
pogled	vista
c	c
e	e
prvi	primo
bila	stato
bi	voluto
su	erano
a	S
Kao	piace
x	X
od	di
pronaći	trova
cijena	prezzo
leđa	indietro
vrh	superiore
narod	persone
imala	aveva
popis	elenco
Ime	nome
samo	appena
godina	anno
dan	giorno
u	in
dva	Due
zdravlje	Salute
n	n
ponovno	ri
koristi	Usato
ići	partire
b	B
posljednji	ultimo
napraviti	rendere
ih	loro
treba	dovrebbero
proizvod	Prodotto
sistem	sistema
pošta	inviare
nju	sua
Grad	città
t	t
politika	politica
broj	numero
podrška	supporto
poruka	Messaggio
nakon	dopo
zatim	poi
siječanj	gennaio
dobro	bene
d	d
gdje	dove
Informacije	Informazioni
prava	diritti
knjige	libri
visok	alto
škola	scuola
m	m
svaki	ogni
linkovi	link
ona	lei
godine	anni
narudžba	ordine
vrlo	molto
knjiga	libro
stavke	elementi
društvo	azienda
r	r
čitati	leggere
skupina	gruppo
seks	sesso
mnogi	molti
korisnik	utente
de	de
set	impostato
general	generale
istraživanje	ricerca
sveučilište	Università
siječanj	gennaio
pošta	posta
puni	pieno
recenzije	recensioni
program	programma
znati	conoscere
igre	Giochi
put	modo
dana	giorni
p	p
dio	parte
mogao	poteva
Sjajno	grande
ujedinjen	unito
stvaran	vero
f	f
međunarodna	internazionale
centar	centro
putovati	viaggio
komentari	Commenti
napravljen	fatto
razvoj	sviluppo
izvješće	rapporto
član	membro
detalji	dettagli
crta	linea
Pojmovi	condizioni
prije	prima
hoteli	alberghi
učinio	fatto
poslati	inviare
pravo	destra
tip	genere
lokalne	Locale
oni	quelli
rezultati	risultati
ured	ufficio
nacionalna	nazionale
automobil	auto
dizajn	design
uzeti	prendere
objavljeno	postato
adresa	indirizzo
zajednica	Comunità
unutar	entro
Države	stati
željeti	volere
telefon	Telefono
DVD	DVD
predmet	soggetto
između	fra
forum	Forum
obitelj	famiglia
l	l
dugo	lungo
w	w
pokazati	mostrare
o	o
čak	anche
crno	nero
poseban	speciale
indeks	indice
biće	essere
žene	donne
mnogo	tanto
znak	cartello
datoteka	file
veza	collegamento
otvoren	Aperto
jug	Sud
slučaj	Astuccio
projekt	progetto
stranica	pagine
verzija	versione
odjeljak	sezione
vlastiti	proprio
kuća	Casa
sigurnosti	sicurezza
g	g
okrug	contea
američki	americano
foto	foto
igra	gioco
članovi	membri
vlast	energia
mreža	Rete
Računalo	computer
sustavi	sistemi
tri	tre
mjesto	posto
kraj	fine
h	h
mu	lui
po	per
pristup	accesso
razmišljati	pensare
sjeverno	nord
resursi	risorse
Trenutno	attuale
velik	grande
media	media
zakon	legge
kontrolirati	controllo
voda	acqua
povijest	storia
veličina	dimensione
osobni	personale
vodič	guida
dućan	negozio
imenik	elenco
promijeniti	modificare
bijela	bianca
tekst	testo
mali	piccolo
klijenata	valutazione
stopa	Vota
vlada	governo
djeca	bambini
povratak	ritorno
studenti	studenti
v	v
račun	account
puta	volte
nivo	livello
digitalni	digitale
profil	profilo
prijašnji	precedente
oblik	modulo
događaji	eventi
ljubav	amore
star	vecchio
Ivan	John
glavni	principale
poziv	chiamata
slika	Immagine
odjel	Dipartimento
titula	titolo
ne	non
k	K
y	y
osiguranje	assicurazione
treba	deve
svojstvo	proprietà
klasa	classe
CD	CD
kvaliteta	qualità
svaki	ogni
spisak	listato
sadržaj	soddisfare
zemlja	nazione
malo	piccolo
alat	utensili
nizak	Basso
odgovor	rispondere
kupac	cliente
prosinac	dicembre
usporediti	confrontare
filmovi	film
koledž	Università
vrijednost	valore
članak	articolo
čovjek	uomo
poslovi	lavori
j	j
hrana	cibo
Autor	autore
drugačiji	diverso
u	u
naučiti	imparare
prodaja	saldi
otisak	stampare
tečaj	corso
posao	lavoro
soba	camera
zaliha	azione
trening	formazione
isto	pure
Kreditna	credito
točka	punto
znanost	scienza
muškarci	uomini
kategorije	categorie
Zapad	ovest
izgled	Guarda
Engleski	Inglese
tim	squadra
imanje	tenuta
kutija	scatola
Uvjeti	condizioni
fotografije	fotografie
homoseksualac	gay
nit	filo
kategorija	categoria
Bilješka	Nota
uživo	vivere
veliki	grande
galerija	galleria
stol	tavolo
međutim	però
lipanj	giugno
listopad	ottobre
studeni	novembre
tržište	mercato
knjižnica	biblioteca
akcijski	azione
početak	inizio
niz	serie
značajke	Caratteristiche
zrak	aria
industrija	industria
plan	Piano
ljudski	umano
Da	sì
drugi	secondo
vruće	caldo
cijena	costo
film	film
forumi	forum
ožujak	marzo
la	la
rujan	settembre
reći	dire
odlazak	andando
medicinski	medico
prijatelj	amico
prosinca	dicembre
server	server
primjena	applicazione
osoblje	personale
igra	giocare
pitanja	problemi
travanj	aprile
Korisnici	utenti
ulica	strada
tema	argomento
protiv	contro
dobio	avuto
blog	blog
Zabava	festa
plaćanje	pagamento
oprema	attrezzatura
pustiti	permettere
programi	programmi
pravni	legale
nedavni	recente
park	parco
čin	atto
problem	problema
Crvena	rosso
dati	dare
memorija	memoria
izvođenje	prestazione
socijalni	sociale
q	q
priča	storia
prodavati	vendere
opcije	opzioni
iskustvo	Esperienza
ključ	chiave
tijelo	corpo
mladi	giovane
važno	importante
polje	campo
nekoliko	pochi
istočno	est
singl	singolo
ii	ii
dob	età
klub	club
primjer	esempio
djevojke	ragazze
z	z
cesta	strada
dar	regalo
pitanje	domanda
ca	circa
teško	difficile
platiti	pagare
četiri	quattro
poker	poker
problem	problema
opseg	gamma
zgrada	costruzione
prodavač	venditore
sud	Tribunale
veljača	febbraio
proizlaziti	risultato
svjetlo	leggero
pisati	Scrivi
rat	guerra
ponuda	offrire
plava	blu
grupe	gruppi
al	al
lako	facile
dan	dato
zahtjev	richiesta
faks	fax
Kina	Cina
izrađivanje	fabbricazione
slika	immagine
potrebe	esigenze
moguće	possibile
mjesec	mese
glavni	maggiore
zvijezda	stella
budućnost	futuro
prostor	spazio
odbor	Comitato
ruka	mano
Sunce	sole
kartice	carte
London	Londra
sastanak	incontro
postati	diventare
dijete	bambino
zadržati	conservare
pornografija	porno
udio	Condividere
sličan	simile
vrt	giardino
škola	scuole
milijuna	milione
dodano	aggiunto
upućivanje	riferimento
tvrtke	aziende
dijete	bambino
učenje	apprendimento
energija	energia
trčanje	correre
dostava	consegna
popularan	popolare
termin	termine
film	film
priče	storie
staviti	mettere
časopis	rivista
izvještaji	rapporti
ko	co
probati	provare
slika	immagini
obavijest	Avviso
bog	Dio
izvornik	originale
glava	capo
radio	Radio
ćelija	cellula
vijeće	consiglio
uključuje	include
staza	traccia
rasprava	discussione
arhiva	archivio
drugi	altri
sporazum	accordo
format	formato
društvo	società
mjeseci	mesi
sigurnosni	sicurezza
prijatelji	amici
Naravno	sicuro
izdanje	edizione
poruke	messaggi
Marketing	marketing
reći	raccontare
asocijacija	associazione
pruža	fornisce
zabava	divertimento
već	già
zelena	verde
studije	studi
Zatvoriti	vicino
uobičajen	Comune
specifično	specifica
nekoliko	parecchi
život	vita
kolekcija	collezione
zvao	chiamato
kratak	corto
umjetnost	arti
mnogo	lotto
pitati	Chiedere
ograničen	limitato
rješenja	soluzioni
direktor	direttore
plaža	spiaggia
prošlost	passato
prirodni	naturale
elektronika	elettronica
na	su
razdoblje	periodo
planiranje	pianificazione
kaže	dice
službeno	ufficiale
pokvariti	mar
učinio	fatto
tehnička	tecnico
prozor	finestra
profesionalac	professionista
regija	regione
otoka	isola
snimiti	disco
direktno	diretto
konferencija	conferenza
ploče	record
st	st
okrug	quartiere
kalendar	calendario
troškovi	costi
stil	stile
izjava	dichiarazione
milja	miglia
resurs	risorsa
aplikacije	applicazioni
dokument	documento
riječ	parola
djela	lavori
materijal	Materiale
račun	conto
napisan	scritto
pravila	regole
konačni	finale
stvar	cosa
centar	centro
zahtjevi	requisiti
PRAVI	VERO
minuta	minuti
drugo	altro
ocjena	marchio
stijena	roccia
loše	cattivo
pojedinac	individuale
plus	più
auto	auto
pokriti	copertina
Uredi	modificare
zajedno	insieme
video	video
brzo	veloce
funkcija	funzione
činjenica	fatto
uzimajući	ottenere
globalno	globale
tech	Tech
sastati	incontrare
daleko	lontano
ekonomski	economico
hr	it
igrač	giocatore
projekti	progetti
iznos	quantità
Gledati	orologio
uključen	incluso
osjetiti	sentire
banka	banca
rizik	rischio
Popularna	offerte
raznovrstan	vario
riječi	parole
proizvodnja	produzione
trgovački	commerciale
težina	peso
srce	cuore
liječenje	trattamento
bodova	punti
znanje	conoscenza
časopis	rivista
greška	errore
fotoaparat	telecamera
djevojka	ragazza
izgradnja	costruzione
igračke	giocattoli
zabilježen	registrato
domena	dominio
metode	metodi
poglavlje	capitolo
zaštita	protezione
politika	politiche
širok	largo
ljepota	bellezza
menadžer	manager
Indija	India
položaj	posizione
poduzete	prese
vrsta	ordinare
oglasi	annunci
znan	conosciuto
pola	metà
slučajevi	casi
korak	passo
inženjering	ingegneria
jednostavan	semplice
brz	Presto
licenca	licenza
jezero	lago
čitav	totale
godišnji	annuale
Objavljeno	pubblicato
crkva	Chiesa
način	metodo
aktivan	attivo
odgovor	risposta
lik	figura
materijali	materiale
dovoljno	abbastanza
konstruiran	progettato
među	tra
smrt	Morte
gubitak	perdita
lice	viso
marka	marca
popust	sconto
efekti	effetti
stvorio	creato
standardi	norme
bit	po
politički	politico
kraljevstvo	regno
baza	base
rade	fare
krediti	prestiti
cipele	scarpe
ulaz	iscrizione
boravak	restare
narudžbe	ordini
dostupnost	disponibilità
Sažetak	sommario
skretanje	turno
rast	crescita
agencija	agenzia
kralj	re
europska	europeo
aktivnost	attività
kopirati	copia
zapadni	occidentale
sila	vigore
zapošljavanje	occupazione
zaljev	baia
Rijeka	fiume
komisija	commissione
paket	pacchetto
vidio	visto
igrači	Giocatori
motor	motore
luka	porta
album	album
Regionalni	regionale
Stop	Stop
počeo	iniziato
uprava	amministrazione
bar	bar
institut	istituto
pregleda	visualizzazioni
dvostruko	Doppio
pas	cane
uskoro	presto
linije	Linee
elektronička	elettronico
prednosti	benefici
potreban	necessaria
printer	stampante
stanje	condizione
djelotvoran	efficace
vjerovati	credere
organizacija	organizzazione
posljedica	effetto
um	mente
izbor	selezione
kasino	casinò
pdf	PDF
obilazak	giro
križ	attraversare
nada	speranza
korporacija	società
želja	desiderio
riješenje	soluzione
zreo	maturo
uloga	ruolo
tjedni	settimane
siguran	certo
niži	inferiore
potreban	necessario
unija	unione
mon	mon
com	com
posebno	particolare
fino	bene
sat	ora
plin	gas
vještine	abilità
šest	sei
grm	cespuglio
otoci	isole
savjet	consigli
karijera	carriera
odluka	decisione
napustiti	partire
prije	pre
ogroman	enorme
žena	donna
postrojenja	strutture
ponuda	offerta
srednji	mezzo
kabel	cavo
prilike	opportunità
uzimanje	presa
vrijednosti	valori
podjela	divisione
dolazak	venuta
objekt	oggetto
lezbijka	lesbica
prikladan	adeguata
mašina	macchina
logo	logo
dužina	lunghezza
Lijepo	simpatico
postići	Punto
statistika	statistica
klijent	cliente
uzorak	campione
ulaganje	investimento
poslao	inviato
prikazan	mostrato
Božić	Natale
Kultura	cultura
bljesak	veloce
ms	Signorina
izbor	scelta
tečajevi	corsi
potrošač	consumatore
bok	Ciao
strana	straniero
umjetnik	artista
namještaj	mobilia
kanal	canale
pismo	lettera
način	modalità
telefoni	telefoni
ideje	idee
struktura	struttura
stupanj	grado
ugovor	contrarre
super	super
muški	maschio
stvar	importa
skoro	quasi
nalazi	collocato
višekratnik	multiplo
distribucija	distribuzione
urednik	editore
gostionica	Locanda
industrijski	industriale
potencijal	potenziale
pjesma	canzone
los	los
pad	autunno
ideja	idea
sobe	camere
komunikacije	comunicazioni
pobijediti	vincere
osnovni	primario
Rak	cancro
brojevi	numeri
razlog	ragionare
alat	strumento
Proljeće	primavera
temelj	fondazione
odgovor	risposta
glas	voce
raspored	programma
dokumenti	documenti
Svrha	scopo
svojstvo	caratteristica
krevet	letto
dolazi	viene
policija	polizia
samostalan	indipendente
pristup	approccio
smeđ	Marrone
fizička	fisico
brdo	collina
Karte	mappe
držati	tenere
ocjene	giudizi
sretan	contento
kovač	fabbro
razvijen	sviluppato
zahvaliti	grazie
sef	sicuro
jedinstvena	unico
pregled	sondaggio
prije	precedente
telefon	telefono
sport	sport
spreman	pronto
životinja	animale
izvori	fonti
populacija	popolazione
godišnje	papà
redovan	regolare
siguran	sicuro
operacije	operazioni
jednostavno	semplicemente
dokaz	prova
stanica	stazione
razumjeti	capire
opcija	opzione
dolina	valle
vjerojatno	probabilmente
more	mare
publikacije	pubblicazioni
poboljšati	Migliorare
veza	connessione
izdavač	editore
dvorana	sala
anti	anti
mreže	reti
Zemlja	terra
roditelji	genitori
udarac	urto
prijenos	trasferimento
Uvod	introduzione
kuhinja	cucina
jak	forte
vjenčanje	nozze
nekretnine	proprietà
bolnica	ospedale
tlo	terra
brod	nave
smještaj	alloggio
bolest	malattia
izvrstan	eccellente
savršen	perfezionare
dlaka	capelli
prilika	opportunità
oprema	kit
klasik	classico
osnova	base
naredba	comando
gradovi	città
izraziti	esprimere
dodijeliti	premio
udaljenost	distanza
drvo	albero
procjena	valutazione
zid	parete
umiješan	coinvolti
el	EL
ekstra	extra
posebno	particolarmente
budžet	bilancio
vodiči	guide
uspjeh	successo
maksimum	massimo
majka	mamma
operacija	operazione
postojanje	esistente
dosta	abbastanza
odabran	selezionato
dječak	ragazzo
restorani	ristoranti
lijep	bellissimo
upozorenje	avvertimento
lokacije	posizioni
konj	cavallo
glasanje	votazione
cvijeće	fiori
zvijezde	stelle
arena	liste
vlasnik	proprietario
životinje	animali
načine	modi
sin	figlio
pružanje	fornitura
Pravilo	regola
kućište	alloggiamento
traje	prende
donijeti	portare
katalog	Catalogare
maksimum	max
majka	madre
vlast	autorità
rekao	detto
program	programma
spojen	Iscritto
ulazni	ingresso
strategija	strategia
noge	piedi
agent	agente
vrijedi	valido
moderan	moderno
stariji	anziano
seksi	sexy
nastava	insegnamento
vrata	porta
veličanstven	grande
suđenje	prova
jedinice	unità
svjež	freddo
normalan	normale
poduzeće	impresa
brodovi	navi
čitav	intero
pozitivan	positivo
sposobnost	fitness
kineski	Cinese
mišljenje	opinione
nogomet	calcio
sažetak	astratto
izlaz	produzione
fondovi	fondi
mr	Sig
Vjerojatno	probabile
razviti	sviluppare
izvođači	artisti
alternativa	alternativa
odgovornost	responsabilità
Java	Giava
gost	ospite
objavljivanje	pubblicazione
proći	passaggio
odnosi	relazioni
povjerenje	fiducia
kombi	furgone
sadrži	contiene
multi	Multi
republika	repubblica
naknada	tasse
komponente	componenti
odmor	vacanza
stoljeće	secolo
akademski	accademico
pomoć	assistenza
dovršen	completato
koža	pelle
grafika	grafica
Indijanac	indiano
prsten	squillare
razred	grado
planina	montagna
organizacija	organizzazioni
filtar	filtro
ploča	pannello
kat	pavimento
kupovina	acquisto
utakmica	incontro
zaprosio	proposto
zahtijevati	richiedere
dječaci	ragazzi
jutro	mattina
omogućuje	consente
protein	proteina
biljka	pianta
izvijestio	segnalati
pogoditi	colpire
mm	mm
bazen	piscina
mini	mini
politika	politica
partner	compagno
autori	autori
ploče	tavole
riba	pesce
članstvo	membri
misija	missione
oko	occhio
niz	stringa
osjećaj	senso
promijenjen	modificata
oslobođen	rilasciato
faza	palcoscenico
interni	interno
rođen	Nato
detaljan	dettagliato
japanski	giapponese
utrka	gara
odobren	approvato
cilj	bersaglio
osim	tranne
lik	carattere
održavanje	Manutenzione
sposobnost	capacità
ed	Ed
silovanje	stupro
baterija	batteria
mladež	gioventù
pritisak	pressione
podnijeti	presentata
dug	debito
srednji	medio
televizija	televisione
zainteresiran	interessato
srž	nucleo
pauza	rompere
svrhe	scopi
setovi	imposta
ples	danza
drvo	legna
definiran	definito
novine	documenti
nagrade	premi
pristojba	tassa
studio	studio
čitač	lettore
uređaj	dispositivo
osnovan	stabilito
odgovori	risposte
najam	affitto
las	las
mrak	buio
vanjski	esterno
jabuka	Mela
le	Le
instrukcije	Istruzioni
min	min
ponudio	offerta
teorija	teoria
ukloniti	rimuovere
pomoć	aiuto
vidni	visivo
domaćin	ospite
raznolikost	varietà
učitelji	insegnanti
priručnik	Manuale
blok	bloccare
teme	soggetti
agenti	agenti
popravak	riparazione
pravedan	giusto
željezo	acciaio
razumijevanje	comprensione
Pjesme	canzoni
fiksni	fisso
pogrešno	sbagliato
početak	inizio
ruke	mani
AZ	az
Pariz	Parigi
dobiva	prende
sektor	settore
kapacitet	capacità
uN	un
mast	Grasso
otac	padre
električni	elettrico
pila	sega
instrumenti	strumenti
časnik	ufficiale
vozač	autista
poduzeća	aziende
mrtav	morto
nepoznat	sconosciuto
restoran	ristorante
mikrofon	Mike
putovanje	viaggio
mi	mi
siromašan	povero
odnos	relazione
radnici	lavoratori
mir	pace
tradicionalan	tradizionale
pokazivanje	mostrando
kreativan	creativo
obala	costa
korist	vantaggio
financiranje	finanziamento
uređaji	dispositivi
gospodar	signore
odobriti	concedere
pod	sub
fikcija	finzione
satovi	orologi
karijere	carriere
ide	va
vodio	guidato
muzej	Museo
ventilator	fan
prijevoz	trasporto
zanimljiv	interessante
blogovi	blog
procjena	valutazione
prijašnji	ex
zona	zona
kompleks	complesso
th	esimo
mačka	gatto
umrijeti	morire
predstavili	presentata
ravan	piatto
teći	flusso
agencije	agenzie
književnost	letteratura
roditelj	genitore
postavljanje	ambientazione
doktor	dr
ljestvica	scala
Ekonomija	economia
koristan	utile
mjesečno	mensile
kritično	critico
okvir	telaio
mjuzikl	musicale
definicija	definizione
tajnica	segretario
staza	sentiero
glavni	capo
daje	dà
paketi	Pacchetti
detalj	dettaglio
zakoni	legislazione
promijenjen	cambiato
početi	inizio
kraljevski	reale
čist	pulito
momak	tipo
naslovi	titoli
relevantan	pertinente
pravda	giustizia
Spojiti	Collegare
kupa	tazza
košara	cestino
primijenjen	applicato
tjedni	settimanalmente
vol	vol
montaža	installazione
str	pp
pažnja	Attenzione
napredovati	avanzare
preskočiti	Salta
dijeta	dieta
vojska	esercito
zupčanik	Ingranaggio
razlika	differenza
dopušteno	permesso
ispravan	corretta
narod	nazione
prodaja	vendita
mnogo	molte
komad	pezzo
list	foglio
firma	azienda
sedam	Sette
elementi	elementi
vrsta	specie
skok	saltare
Stanice	cellule
modul	modulo
pribjeći	ricorrere
potvrda	certificato
ministar	ministro
pokret	movimento
moda	moda
smjerovi	indicazioni
posjetitelji	visitatori
dokumentacija	documentazione
trgovački	commercio
šuma	foresta
pozivi	chiamate
pokrivenost	copertura
par	coppia
davanje	dando
prilika	opportunità
vizija	visione
lopta	palla
završni	fine
klijenti	clienti
akcije	Azioni
raspravljati	discutere
cilj	obbiettivo
uspješan	riuscito
prodan	venduto
vjetar	vento
zajednice	comunità
klinički	clinico
situacija	situazione
tržišta	mercati
objavljivanje	editoriale
pojaviti	apparire
razvoju	sviluppando
život	vite
odrediti	determinare
temperatura	temperatura
najave	annunci
pacijent	paziente
stvaran	effettivo
povijesni	storico
kamen	pietra
bob	peso
trgovina	commercio
osobe	persone
težak	difficile
znanstvena	scientifico
satelit	satellitare
testovi	test
selo	villaggio
računi	conti
amater	dilettante
ex	ex
sastali	incontrato
bol	dolore
čimbenici	fattori
kava	caffè
kupac	acquirente
poster	manifesto
rub	bordo
funkcionalna	funzionale
korijen	radice
fi	fi
zatvoreno	chiuso
Praznici	vacanze
ružičasta	rosa
ravnoteža	equilibrio
nadgledanje	monitoraggio
odgovora	risposte
šut	tiro
početni	iniziale
označiti	etichetta
sek	secondo
kanon	canone
liga	lega
gubljenje	rifiuto
minuta	minuto
autobus	autobus
usluga	fornitore
rječnik	dizionario
računovodstvo	contabilità
proizvodnja	produzione
dijelovi	sezioni
stolica	sedia
napor	sforzo
faza	fase
fantazija	fantasia
PO	Po
va	va
profesor	Professore
instalirati	installare
košulja	camicia
odjeća	abbigliamento
noga	piede
grudi	Seno
Tehnike	tecniche
dolara	dollari
religija	religione
dopuštenje	autorizzazione
divlji	selvaggio
generacija	generazione
propustiti	Perdere
kemijski	chimico
liječnik	medico
zadatak	compito
smanjiti	ridurre
donio	portato
vježba	esercizio
buba	insetto
jamčiti	garanzia
vođa	capo
sebi	SE
procesi	processi
mekan	morbido
sastanci	incontri
sekundi	secondi
let	volo
kongres	congresso
gorivo	carburante
hodati	camminare
izrađen	prodotta
svetac	santo
argument	discussione
konkurencija	concorrenza
lijekovi	farmaci
zajednički	comune
premija	premio
svježe	fresco
likovi	personaggi
pravnik	procuratore
di	di
faktor	fattore
tisuća	migliaia
km	km
potok	ruscello
apartmani	appartamenti
odabrati	raccogliere
sluh	udito
istočni	orientale
terapija	terapia
unosi	inserimenti
potpisan	firmato
upravni	amministrativo
ozbiljan	grave
ograničiti	limite
koraci	passaggi
trgovine	negozi
ropstvo	servitù
del	del
napori	sforzi
informiran	informato
gA	ga
misli	pensieri
potok	torrente
ft	ft
količina	quantità
osnovni	essenziale
ture	tour
opterećenje	caricare
odmah	subito
strojevi	macchine
određen	designato
teško	pesante
pokriven	coperto
oporavak	recupero
integriran	integrato
konfiguracija	configurazione
penis	cazzo
trgovac	mercante
opsežan	globale
stručnjak	esperto
zaštititi	proteggere
solidan	solido
prezentacija	presentazione
postao	divenne
narančasta	arancia
usklađenost	conformità
tema	tema
bogat	ricco
kampanja	campagna
vs	vs
gitara	chitarra
nalaz	scoperta
primjeri	esempi
duh	spirito
ar	ar
zahtjevi	reclami
prihvaćanje	accettazione
strategije	strategie
mj	momento
poslovi	affari
namijenjen	destinato
sa	sa
ciljevi	obiettivi
najam	assumere
izbor	elezione
predložiti	suggerire
podružnica	ramo
poslužiti	servire
podružnice	affiliati
montiranje	montare
latinski	latino
multimedijalni	multimedia
upravljati	gestire
ugao	angolo
rang	rango
element	elemento
rođenja	nascita
virus	virus
interaktivni	interattivo
zahtjevi	richieste
odvojen	separato
četvrtina	trimestre
postupak	procedura
rukovodstvo	comando
definirati	definire
vjerski	religioso
činjenicama	fatti
doručak	colazione
kolona	colonna
vjera	fede
lanac	catena
identificirati	identificare
avenija	viale
nedostaje	mancante
preporuke	raccomandazioni
pomaknuto	mosso
dohvatiti	raggiungere
usporedba	confronto
trenutak	momento
produžen	esteso
slijed	sequenza
palac	pollice
napad	attacco
centri	centri
otvor	apertura
laboratorija	laboratorio
rezerva	Riserva
gama	gamma
proizvoditi	produrre
istina	verità
brojač	contatore
neuspjeh	fallimento
slijedi	segue
dolar	dollaro
kamp	campo
des	des
filmovi	cinema
most	ponte
ispuniti	riempire
pokret	movimento
tiskanje	stampa
Nacrt	bozza
grafikon	grafico
igrao	giocato
kontakti	contatti
čitači	lettori
klubovi	club
wa	wa
avantura	avventura
ponuda	offerta
dobit	profitto
čelnici	capi
plakati	manifesti
institucije	istituzioni
asistent	assistente
varijabla	variabile
dj	dj
parkiralište	parcheggio
jučer	ieri
odlučan	determinato
radionica	laboratorio
otišao	andato
kodovi	codici
vrste	tipi
nastavak	estensione
izjava	dichiarazioni
potpuno	completamente
timovi	squadre
tvrđava	forte
cm	centimetro
senat	senato
smiješno	divertente
gen	gene
okrenut	trasformato
disk	disco
uzorak	modello
čamac	barca
kazalište	Teatro
proizvođači	produttori
sponzor	sponsor
klasična	classico
ikona	icona
garancija	garanzia
posvećen	dedito
smjer	direzione
košarka	pallacanestro
objekti	oggetti
izbrisati	Elimina
večer	sera
skupština	montaggio
nuklearni	nucleare
miš	topo
signal	segnale
kriminalac	penale
izdaje	rilasciato
snažan	potente
san	sognare
NETOČNO	FALSE
da	da
baciti	lanciare
cvijet	fiore
osoblje	personale
prošao	passato
isporučuje	fornito
Slapovi	cascate
duša	anima
unaprijediti	promuovere
navedeno	dichiarato
statistika	statistiche
profesionalci	professionisti
Čini	appare
nositi	trasportare
zastava	bandiera
korice	coperture
em	em
prednost	vantaggio
zdravo	Ciao
dizajna	disegni
održavati	mantenere
turizam	turismo
prioritet	priorità
odrasli	adulti
grafički	grafico
atom	atomo
plaćanja	pagamenti
vezivanje	rilegatura
kratak	breve
završeno	conclusa
osvajanjem	vincente
anoniman	anonimo
skripta	copione
služio	servito
želi	vuole
pripremljen	preparato
poništiti	vuoto
označiti	etichetta
intervju	colloquio
miješati	mescolare
okvir	struttura
disk	disco
instaliran	installato
kraljica	Regina
krediti	crediti
jasno	chiaramente
popraviti	fissare
rukovati	maniglia
slatko	dolce
kriteriji	criteri
suradnik	socio
NE	NE
ponašanje	comportamento
uvećati	Ingrandire
zraka	raggio
prihod	reddito
mjera	misurare
glasova	voti
du	du
dužnost	dovere
rasprave	discussioni
snositi	orso
dobit	guadagno
festival	Festival
laboratorija	laboratorio
ocean	oceano
letovi	voli
stručnjaci	esperti
znakovi	segni
dubina	profondità
vlak	treno
suho	asciutto
istražiti	Esplorare
banja	terme
koncept	concetto
skoro	quasi
rukovanje	maneggio
podrijetlo	origine
milijardi	miliardo
inteligencija	intelligenza
kupio	comprato
protiv	contro
nacije	nazioni
put	itinerario
slomljen	rotto
bitka	battaglia
govoriti	parlare
protokol	protocollo
pitanje	domanda
partnerstvo	associazione
izraz	espressione
es	es
govor	discorso
žica	filo
prijedlozi	suggerimenti
zamjena	sostituzione
traka	nastro
strateški	strategico
suditi	giudice
kiselina	acido
bajtova	byte
cent	centesimo
prisiljeni	costretto
kompatibilan	compatibile
apartman	appartamento
nula	nullo
nula	zero
zvučnik	altoparlante
savjetodavni	consulenza
dizajner	progettista
pr	pr
brak	matrimonio
svitak	rotolo
banke	banche
fr	fr
sudionici	partecipanti
tajna	segreto
negativan	negativo
favoriti	preferiti
kazalište	Teatro
izvori	molle
var	var
izvesti	eseguire
prijevod	traduzione
procjene	stime
ozljeda	ferita
ministarstvo	ministero
vozači	driver
odvjetnik	avvocato
figure	figure
zaštićen	protetta
prijedlog	proposta
dijeljenje	compartecipazione
portal	portale
beta	beta
besplatno	gratis
prema	verso
malo	leggermente
pomoći	assistere
ponašanje	condotta
sadržane	contenuta
zakonodavstvo	legislazione
zvanje	chiamata
parametri	parametri
profili	profili
pitanja	questioni
kuća	case
kontrole	controlli
kombinirana	combinato
ultimativno	finale
predstavnik	rappresentante
manji	minore
odjeli	dipartimenti
stanovnici	residenti
prikazati	visualizzati
mama	mamma
smanjen	ridotto
rijedak	raro
izvedena	eseguita
krajnost	estremo
uzorci	campioni
barovi	barre
prognoza	previsione
ukloniti	rimosso
ciklus	ciclo
sadržati	contenere
točnost	precisione
spavati	dormire
mg	mg
ptica	uccello
ljekarna	farmacia
stvaranje	creazione
statički	statico
Lovac	cacciatore
adrese	indirizzi
dama	signora
kristal	cristallo
poznat	famoso
pisac	scrittore
predsjednik	presidente
piće	bere
akademija	accademia
dinamičan	dinamico
jesti	mangiare
trajan	permanente
čišćenje	pulizia
tvori	costituisce
portfelj	portafoglio
praktičan	pratico
isporučena	consegnato
infrastruktura	infrastruttura
boja	colore
prodavač	venditore
filozofija	filosofia
regulacija	regolamento
službenici	ufficiali
cilj	scopo
ponude	offerte
ishrana	nutrizione
snimanje	registrazione
mlađi	junior
les	les
rt	mantellina
prstenovi	anelli
Savjet	mancia
predivan	meraviglioso
ulaznica	biglietto
najavio	annunciato
nagađati	indovina
kome	chi
nogomet	calcio
matematika	matematica
uvoz	importare
postavljanje	spedizione
prisutnost	presenza
automatski	automatico
gledanja	visualizzazione
održavati	mantenuto
CH	ch
Dan	dan
psi	cani
direktori	registi
aspekti	aspetti
naprijed	avanti
mjesec	Luna
sudjelovanje	partecipazione
shema	schema
letjeti	volare
držanje	maniera
matrica	matrice
kombinacija	combinazione
amandman	emendamento
snaga	forza
purica	tacchino
knjižnice	librerie
ispravan	corretto
stupnjeva	gradi
poduzeća	aziende
delta	delta
strah	paura
traži	cerca
inča	pollici
konvencija	convenzione
dionice	azioni
glavni	principale
udobnost	comfort
boje	colori
ratovi	guerre
naručivanje	ordinazione
čuva	tenuto
alfa	alfa
apel	appello
krstarenje	crociera
bonus	indennità
ej	Hey
građevine	edifici
specijalaca	Speciali
pobijediti	battere
baterije	batterie
postaje	diventa
diskovi	unità
oružje	braccia
čaj	tè
poboljšan	migliorata
postići	raggiungere
pozicije	posizioni
haljina	vestito
pretplata	sottoscrizione
prodavač	commerciante
suvremeni	contemporaneo
nebo	cielo
ROM	rom
prenosi	trasportato
izlaganje	esposizione
sakriti	nascondere
potpis	firma
mlinar	mugnaio
opskrba	fornitura
odjeća	Abiti
okviri	montatura
sigurno	certamente
novine	giornale
igračka	giocattolo
sloj	strato
tiskan	stampato
usporiti	lento
uklanjanje	rimozione
odgovornost	responsabilità
pisači	stampanti
dodajući	aggiungendo
mjesto	individuare
potrošiti	trascorrere
tvornica	fabbrica
unutrašnjost	interno
rasti	crescere
optički	ottico
promocija	promozione
rođak	parente
nevjerojatan	Stupefacente
točka	punto
identitet	identità
pretvaranje	conversione
osjećaj	sensazione
skriven	nascosto
razuman	ragionevole
revizija	revisione
utjecaj	influenza
omjer	rapporto
važnost	importanza
kiša	pioggia
planeta	pianeta
kopije	copie
dozvola	permesso
vidim	vedendo
dokaz	prova
bas	basso
recept	prescrizione
prazan	vuoto
primjer	esempio
rupa	buco
vožnja	cavalcata
zavod	ufficio
konzervacija	conservazione
par	paio
idealan	ideale
naočale	Specifiche
zabilježena	registrato
Don	don
komada	pezzi
gotov	finito
parkovi	parchi
odvjetnici	avvocati
stres	stress
krema	crema
ss	ss
radi	piste
otkriti	scoprire
ap	ap
obrasci	modelli
brda	colline
nm	nm
savjetnik	consulente
svjestan	consapevole
oblik	forma
evolucija	Evoluzione
potvrde	certificati
ciljevi	obiettivi
stanice	stazioni
predložio	suggerito
op	operazione
ostaci	resti
tvrtke	aziende
euro	Euro
operater	operatore
strukture	strutture
opći	generico
enciklopedija	enciclopedia
upotreba	uso
tinta	inchiostro
mješovit	misto
popis	censimento
kotač	ruota
dobavljači	fornitori
kompaktan	compatto
poezija	poesia
svjetla	luci
praćenje	puntamento
anđeo	angelo
priprema	preparazione
pokušaj	tentativo
primanje	ricevente
šibice	fiammiferi
suglasnost	conformità
širina	larghezza
motori	motori
zaboraviti	dimenticare
red	schieramento
raspravljati	discusso
točan	preciso
klima	clima
grčki	greco
instrukcija	istruzione
upravljanje	gestione
sirov	crudo
Razlike	differenze
objasniti	spiegare
uspostaviti	stabilire
izrazio	espresso
opseg	estensione
oštar	acuto
Ben	Ben
stav	paragrafo
ubiti	uccidere
matematika	matematica
kompenzacija	compensazione
izvoz	esportare
menadžeri	manager
moduli	moduli
provedena	condotto
verzije	versioni
zna	conosce
opisati	descrivere
građani	cittadini
nasljeđe	eredità
nevolja	guaio
trener	allenatore
poljoprivredni	agricolo
proširiti	espandere
publika	pubblico
dodijeljena	assegnato
zbirke	collezioni
dobi	evo
specijalista	specialista
kuhati	cucinare
utjecati	influenzare
Djevica	vergine
iskusan	esperto
istraga	indagine
uzdignut	sollevato
šešir	cappello
institucija	istituzione
usmjerene	dirette
pogođeni	influenzato
bicikl	bicicletta
potpuno	totalmente
ploča	piatto
troškovi	spese
naznačiti	indicare
plavuša	bionda
postupak	procedimento
ljubimac	preferito
karakteristike	caratteristiche
der	der
izgubiti	perdere
organski	biologico
tražiti	ricercare
iskustva	esperienze
albuma	album
ugovori	contratti
gosti	ospiti
domaćin	ospitato
oboljenja	malattie
o	circa
ekvivalent	equivalente
kemija	chimica
setove	kit
logika	logica
princ	Principe
krug	cerchio
tlo	suolo
psihologija	psicologia
mokar	bagnato
okolnosti	condizioni
investitor	investitore
osnovni	elementare
sponzori	sponsor
lisica	Volpe
neograničen	illimitato
odgovarati	rispondere
veličine	dimensioni
običan	pianura
Izlaz	Uscita
ruka	braccio
ključevi	chiavi
val	onda
svet	santo
djela	atti
vođenje	guida
trag	pista
simbol	simbolo
autocesta	autostrada
promatranom	osservata
dekan	decano
postaviti	impostare
anketa	sondaggio
stilovi	stili
ispunjen	pieno
veza	legame
kanali	canali
dodatak	appendice
čokolada	cioccolato
dio	porzione
djelokrug	scopo
dobavljač	fornitore
kabeli	cavi
pamuk	cotone
zahtjev	Requisiti
ubijen	ucciso
granica	confine
antički	antico
debata	discussione
predstavnici	rappresentanti
počinje	inizia
trudnoća	gravidanza
atrakcije	attrazioni
naučeno	imparato
transakcije	transazioni
istraživač	esploratore
povijesni	storico
suprug	marito
odobren	autorizzato
lud	pazzo
Nadolazeći	imminente
koncert	concerto
rezultate	punteggi
efikasnost	efficienza
komedija	commedia
usvojen	adottato
učinkovit	efficiente
linearan	lineare
opredjeljenje	impegno
specijalitet	specialità
medvjedi	orsi
hmelj	luppolo
prijevoznik	vettore
konstantno	costante
Visa	Visa
usta	bocca
metar	metro
povezan	connesso
razgovori	interviste
pojmovi	concetti
puška	pistola
odraziti	riflettere
čist	puro
pakao	inferno
voće	frutta
počinje	inizia
kvalificiran	qualificato
reforma	riforma
leće	lente
liječi	trattati
otkriće	scoperta
crtati	disegnare
svrstan	classificato
pretpostaviti	assumere
savez	alleanza
potvrditi	Confermare
inženjer	ingegnere
dosljedan	coerente
zamijeniti	sostituire
odobrenje	autorizzazione
konverter	convertitore
organizacija	organizzazione
dijete	bambino
provjere	controlli
postignut	raggiunto
postaje	diventando
cilj	obbiettivo
naznačeno	indicato
šećer	zucchero
posada	equipaggio
noge	gambe
štap	bastone
odnos	relazione
omogućeno	abilitato
žanr	genere
dobrovoljac	volontario
stražnji	posteriore
demokratski	democratico
povećati	accrescere
točno	esatto
granica	limite
parametar	parametro
procesor	processore
čvor	nodo
formalan	formale
oluja	tempesta
mikro	micro
fakulteti	collegi
milja	miglio
izazovi	sfide
urednici	redattori
vrhovni	supremo
braća	fratelli
priznanje	riconoscimento
Najbolje	arbitro
procjena	stima
dijete	ragazzo
inspekcija	ispezione
potrošači	consumatori
granice	limiti
teritorija	territorio
oružje	Armi
odgoditi	ritardo
pilot	pilota
doprinosi	contributi
stalan	continuo
inicijativa	iniziativa
roman	romanzo
izvršenje	esecuzione
invalidnost	invalidità
ultra	ultra
pobjednik	vincitore
epizoda	episodio
lončar	vasaio
jelo	piatto
igra	giochi
bilten	bollettino
ia	ia
izmijeniti	modificare
uistinu	veramente
svemir	universo
kandidat	candidato
prorez	fessura
izvanredan	eccezionale
Ha	ah
planirani	pianificato
loža	casetta
ogledalo	specchio
turnir	torneo
obzir	considerazione
sjednice	sessioni
zrno	nocciolo
kupci	acquirenti
časopisi	riviste
siva	grigio
katalog	Catalogare
optužen	carico
širok	ampio
und	und
odabran	scelto
demo	dimostrazione
mrziti	odiare
terminal	terminale
izdavači	editori
noću	notti
tekući	liquido
riža	riso
rezervacija	prenotazione
hrana	Alimenti
straža	guardia
ušteda	Salvataggio
carstvo	impero
novo	recentemente
podići	aumentare
nezakonit	illegale
ekspanzija	espansione
premijer	premier
sutra	Domani
mlijeko	latte
drama	Dramma
gostujući	visitare
Natjecanje	concorso
prikupljeni	raccolto
bendovi	bande
pogodan	adatto
apsolutno	assolutamente
revizija	revisione
komora	Camera
Gvineja	Guinea
nalazi	risultati
izo	iso
tipičan	tipico
iznos	somma
piletina	pollo
privremen	temporaneo
prisustvovati	assistere
tuš	doccia
slanje	invio
dovoljan	sufficiente
ljuska	conchiglia
pokrajina	Provincia
katolički	cattolico
guverner	governatore
pivo	birra
doprinos	contributo
formula	formula
ustav	costituzione
ambalaža	confezione
pouzdan	affidabile
sumnjati	dubbio
zaraditi	guadagnare
razdoblja	periodi
napadi	attacchi
roba	merce
simptomi	sintomi
spomen	memoriale
blizanac	gemello
umetnuti	inserire
prolaz	porta
crtanje	disegno
kandidati	candidati
naredio	ordinato
biološki	biologico
borba	combattente
tranzicija	transizione
postavke	preferenze
špijun	spiare
romantika	romanza
instrument	strumento
podjela	Diviso
teme	temi
sile	potenze
raj	Paradiso
komadići	bit
trudna	incinta
klasifikacija	classificazione
usmjerena	focalizzata
liječnik	medico
traži	chiede
blokovi	blocchi
gle	Lo
duhovni	spirituale
dijabetes	diabete
ml	ml
smjena	cambio
sjediti	sedersi
tjelesa	corpi
fotografije	fotografie
rezanje	taglio
pisci	scrittori
fleksibilno	flessibile
voljen	amato
favoriti	preferiti
kartografija	Mappatura
brojan	numerose
relativno	relativamente
predstavlja	rappresenta
superioran	superiore
poželjna	preferito
spremaju	salvato
intelektualac	intellettuale
odobreno	concesso
ugljen	carbonio
udobno	confortevole
magnetski	magnetico
interakcija	interazione
slušanje	ascoltando
kriza	crisi
pogled	prospettiva
masivan	massiccio
svijetao	luminosa
formirana	formato
klavir	pianoforte
jeka	eco
revolucija	rivoluzione
prikazuje	visualizza
plazma	plasma
zarada	guadagni
misterija	mistero
pejzaž	paesaggio
mehanički	meccanico
putovanje	viaggio
zastava	bandiera
smokva	Figura
županije	contee
akvizicija	acquisizione
priznat	riconosciuto
snovi	sogni
obavijest	notifica
kg	kg
učiti	insegnare
brz	rapido
Vuci	Tirare
Juta	ut
seminar	seminario
investicije	investimenti
kotači	ruote
odrediti	specificare
osjetljiv	sensibile
predlošci	modelli
formati	formati
drži	detiene
usmjerivač	router
beton	calcestruzzo
si	SI
mapa	cartella
završetak	completamento
puls	impulso
tehnika	tecnica
glasanje	voto
sudovi	tribunali
pretvaraju	convertito
metro	Metro
godišnjica	anniversario
poboljšanja	miglioramenti
traka	striscia
specifikacija	specificazione
nesreća	incidente
zarez	tacca
dostupan	accessibile
Rezidencija	residente
zemljište	tracciare
tipično	tipicamente
prikaz	rappresentazione
pumpa	pompa
postoji	esiste
aranžmani	accordi
konferencije	conferenze
potrošnja	consumo
suziti	stretto
prijetnja	minaccia
ankete	sondaggi
sjedenje	seduta
konzultant	consulente
kontrolor	controllore
odbori	comitati
penis	pene
dvorac	castello
vrtovi	giardini
etikete	etichette
spreman	disposto
bio	bio
gluma	recitazione
glave	teste
ispit	esame
prebivalište	residenza
gustoća	densità
stotina	centinaio
čudan	strano
održiv	sostenibile
statistički	statistico
spomenuti	citare
inovacija	innovazione
siva	grigio
paralelno	parallelo
raditi	operare
novčanice	fatture
stabilan	stabile
definicije	definizioni
von	von
liječnici	medici
lekcija	lezione
kino	cinema
izbori	elezioni
reakcija	reazione
prazan	vuoto
poboljšane	migliorata
pravo	intitolato
ozbiljan	grave
generirati	creare
novine	giornali
bolnice	ospedali
vi	VI
humor	umorismo
star	anziano
monitori	monitor
izuzetak	eccezione
trajanje	durata
Glavnina	massa
posjeta	visite
sposobnosti	capacità
preporuka	raccomandazione
grijeh	peccato
organizirani	organizzato
ba	ba
stavak	parà
posvajanje	adozione
poboljšanje	miglioramento
skup	costoso
bizon	bufalo
organizacija	organizzazioni
avion	aereo
programi	programmi
mehanizam	meccanismo
ee	EE
obilježen	segnato
upravljan	guidato
boca	bottiglia
inovativan	innovativo
masaža	massaggio
zaključak	conclusione
zatvaranje	chiusura
tisuću	mille
legenda	leggenda
vila	villa
kost	osso
stupovi	colonne
poremećaji	disturbi
kolaboracija	collaborazione
otkrivanje	rivelazione
unutrašnji	interno
formacija	formazione
med	med
inženjeri	ingegneri
osoba	entità
krstarenja	crociere
vrata	cancello
rimski	romano
dužnosti	doveri
erotski	erotico
ton	tono
etika	etica
zmaj	Drago
zaposlen	occupato
kapetan	Capitano
donosi	porta
grijanje	riscaldamento
noga	gamba
vrat	collo
krilo	ala
skripta	script
abeceda	abc
postavljen	designato
bavljenje	rapporti
počiniti	commettere
željeznički	rotaia
putovanja	viaggi
praznina	divario
strane	lati
cijev	tubo
odgovara	corrispondente
opisi	descrizioni
pojas	cintura
jakna	giacca
animacija	animazione
proročanstvo	oracolo
er	er
produkcija	produzioni
zrakoplovstvo	aviazione
ponos	orgoglioso
katastrofa	disastro
konzola	consolle
naredbe	comandi
jr	jr
telekomunikacija	telecomunicazioni
instruktor	istruttore
gigantski	gigante
postići	raggiunto
ozljede	lesioni
pristupi	approcci
uobičajen	solito
marke	francobolli
kut	angolo
opljačkati	rapinare
dizajneri	progettisti
sloboda	libertà
doba	era
Pretvoriti	convertire
mogućnost	possibilità
analitičar	analista
opasno	pericoloso
pouzdanost	affidabilità
odnosno	rispettivamente
volonteri	volontari
izveden	derivato
zadovoljstvo	piacere
čast	onore
orijentiran	orientata
orao	aquila
molitva	preghiera
radionice	workshop
uragan	uragano
miran	silenzioso
proizvođač	produttore
zastupljeni	rappresentato
odgovornosti	responsabilità
sir	formaggio
pažljivo	accuratamente
produktivnost	produttività
kruna	corona
jednakost	par
dijagnoza	diagnosi
tvorac	creatore
pukotina	crepa
načelo	principio
motika	picconi
banda	banda
fetiš	feticcio
izgled	aspetto
dim	Fumo
filteri	filtri
inkorporiran	incorporato
čamac	mestiere
kolega	compagno
slijep	cieco
salon	sala
lud	pazzo
algoritam	algoritmo
snažno	fortemente
kafić	bar
znanje	comprensione
proteini	proteine
Su	su
upoznat	familiare
sposoban	capace
ulaz	ammissione
cipela	scarpa
izabran	eletto
nošenje	portando
terorizam	terrorismo
radost	gioia
izdanja	edizioni
etnički	etnico
parlament	parlamento
glumac	attore
nalazi	reperti
pečat	foca
situacije	situazioni
peti	quinto
građanin	cittadino
vertikala	verticale
ispravke	correzioni
opisuje	descrive
invaliditetom	disabilità
supstanca	sostanza
zabranjen	proibito
cijev	tubo
vojnici	soldati
čuvar	custode
predavanje	conferenza
simuliranje	simulazione
raspored	disposizione
inicijative	iniziative
bolestan	malato
koncentracija	concentrazione
položiti	posare
tumačenje	interpretazione
prljav	sporco
učio	insegnato
radnik	lavoratore
optimizacija	ottimizzazione
hram	tempio
tvari	sostanze
dokazati	dimostrare
otkriven	scoperto
krila	Ali
genetski	genetico
ograničenja	restrizioni
tanak	magro
izložba	esposizione
greben	cresta
modem	modem
donošenje	portando
bolestan	malato
procijeniti	valutare
tropski	tropicale
prikupiti	raccogliere
vektor	vettore
definitivno	decisamente
tokarenje	svolta
postojanje	esistenza
komentar	commento
razvoj	sviluppi
imigracija	immigrazione
destinacije	destinazioni
zajednički	reciproco
sintaksa	sintassi
li	Li
atribut	attributo
zatvor	prigione
vještina	abilità
stolice	sedie
okolni	circostante
planine	montagne
popularnost	popolarità
pitanje	inchiesta
provjeren	verificato
izložak	mostra
bacanje	gettare
trend	tendenza
mačke	gatti
pustinja	deserto
ya	ya
koordinator	coordinatore
Merkur	mercurio
spaljivanje	ardente
pobjeći	fuga
prijamnik	ricevitore
progresivan	progressivo
brodovi	Barche
prvenstvo	campionato
arkada	portico
nemoguće	impossibile
govori	dice
očigledan	evidente
depresija	depressione
grafikon	grafico
pokrivati	copertura
platina	platino
osuda	giudizio
razgovori	trattativa
podnošenje	limatura
gajiti	adottivo
nagrađen	premiato
ispitivanja	prove
majstori	maestri
kaseta	cartuccia
obrazloženje	spiegazione
org	org
prevara	frode
elektricitet	elettricità
spektar	spettro
dolazak	arrivo
posuđe	ceramica
isticanje	enfasi
super	eccezionale
potvrđen	confermato
broji	conta
sudar	schianto
lift	sollevamento
između	Inter
visine	altezza
sjena	ombra
trošak	spese
pothvat	avventurarsi
Klinika	clinica
liječenje	guarigione
princeza	Principessa
ulazak	entrare
paket	pacchetto
studio	studios
učešće	coinvolgimento
tata	papà
tipke	pulsanti
plasman	posizionamento
zapažanja	osservazioni
pobjednici	vincitori
ceste	strade
sljedeći	successivo
dvorište	cortile
otkriće	rivelazione
osnivanje	istituzione
sjećanja	ricordi
TE	TE
stvara	crea
lica	facce
turist	turista
ubiti	omicidio
adekvatan	adeguato
senator	senatore
prezentacije	presentazioni
probaviti	digerire
prah	polvere
wiki	wiki
zamijeniti	sostituito
radar	radar
gubici	perdite
borba	combattere
smanjivanje	riducendo
prestao	fermato
okupacija	occupazione
tijesno	strettamente
radijacija	radiazione
kraljevi	re
pucanje	tiro
uho	orecchio
zastave	bandiere
pekar	panettiere
konzervativan	prudente
šok	shock
efikasnost	efficacia
kravata	cravatta
krov	tetto
pokazati	dimostrare
atmosfera	atmosfera
poljubac	bacio
zvijer	bestia
ra	RA
operiran	operato
eksperiment	sperimentare
ciljevi	obiettivi
kupi	acquisti
federacija	federazione
pizza	Pizza
pozvan	invitato
zadatak	assegnazione
modni	mod
upita	interrogazioni
odsutnost	assenza
dobavljači	fornitori
joga	yoga
služi	servi
iznenađenje	sorpresa
svjetiljka	lampada
vicevi	scherzi
savjetovanje	consulenza
palača	palazzo
zadovoljan	soddisfatto
pobjeda	vittorie
skladište	magazzino
trebala	ipotetico
običan	ordinario
duh	fantasma
povreda	violazione
šef	capo
ponos	orgoglio
očekivanja	aspettative
nezavisnost	indipendenza
poznavanje	sapendo
reporter	reporter
metabolizam	metabolismo
prvak	campione
lično	personalmente
mnogo	abbondanza
solo	assolo
grlo	gola
bogatstvo	ricchezza
vakuum	vuoto
ples	danza
prepoznati	riconoscere
piše	scrive
trg	plaza
traganje	ricerca
objaviti	pubblicare
probir	selezione
trans	trans
pionir	pioniere
zaboravljen	dimenticato
akrobata	acrobata
ploče	piatti
eseji	saggi
ponašanje	comportamento
reći	raccontare
pošteno	abbastanza
inteligentan	intelligente
načini	modalità
obaveza	obbligo
luka	porto
putnik	viaggiatore
segment	segmento
neprijatelj	nemico
puzzle	puzzle
bunara	pozzi
ograničen	limitato
republikanac	repubblicano
tajne	segreti
sindrom	sindrome
pohađanje	partecipazione
kazna	pena
bubanj	tamburo
omogućuje	Abilita
graditelj	costruttore
vidik	vista
poplava	alluvione
olakšati	alleviare
argumenti	argomenti
arena	arena
avanture	avventure
zjenice	allievi
Obavijest	annuncio
ishod	risultato
cijeniti	apprezzare
proširen	allargato
odrastao	cresciuto
lijep	bello
centri	centri
klauzula	clausola
osmijeh	Sorriso
zemljišta	terre
trupe	truppe
naoružan	armato
bor	pino
hlađenje	raffreddamento
zaljev	golfo
kamioni	camion
mehanizmi	meccanismi
razvod	divorzio
tradicija	tradizione
tablete	pillole
tigar	tigre
ljudi	gente
senzor	sensore
izložen	esposto
lov	caccia
anđeli	angeli
zamjenik	vice
thai	tailandese
emisija	emissioni
liječnici	medici
prigovor	denuncia
scene	scene
pokusi	esperimenti
pojačati	Incremento
vladavina	governo
mlin	mulino
osnovan	fondato
kroničan	cronico
jazbina	tana
prst	dito
drži	mantiene
funta	libbra
pronaći	individuare
pl	pl
obučen	allenato
provođenje	attuazione
kruh	pane
motori	motori
tvrd	difficile
incident	incidente
dinamika	dinamica
laž	menzogna
razgovor	conversazione
smanjenje	diminuire
obožavanje	culto
sposobnost	capacità
ak	ak
preciznost	precisione
štete	danni
rezerve	riserve
riješiti	risolvere
manjina	minoranza
drugačiji	diverso
Sastojci	ingredienti
Ah	ah
tonovi	toni
rehabilitacija	reinserimento
vid	vista
glina	argilla
slab	debole
podijeljen	diviso
recepcija	ricezione
mudar	saggio
izgledi	probabilità
seminari	seminari
posljedice	conseguenze
odluka	maker
geografija	geografia
integritet	integrità
nasljedstvo	eredità
zadovoljan	contento
opasnost	Pericolo
vitamin	vitamina
obrađen	trasformati
fraza	frase
podizanje	raccolta
implikacije	implicazioni
funkcionalnost	funzionalità
raj	Paradiso
hibrid	ibrido
čita	legge
emotivan	emotivo
slava	gloria
ja	ja
geografski	geografico
prekoračiti	superare
štap	asta
svila	seta
bebe	bambini
dvo	bi
romantičan	romantico
objavi	rivelato
stručnjaci	specialisti
generator	Generatore
suspenzija	sospensione
tužan	triste
korekcija	correzione
vuk	lupo
polako	lentamente
dopuniti	supplemento
dijelovi	porzioni
dječji	infantile
sektori	settori
tekućina	fluido
teren	motivo
obrok	pasto
tA	ta
strojevi	macchinario
jednadžba	equazione
košare	cesti
vjerojatnost	probabilità
dimenzija	dimensione
studirao	studiato
dobit	profitti
vrag	diavolo
trava	erba
ilustrirano	illustrato
trešnja	ciliegia
kontinentalni	continentale
dostignuće	realizzazione
ograničenja	limitazioni
pogreb	funerale
poglavlja	capitoli
putnik	passeggeri
zgodan	conveniente
Mars	Marte
veličine	dimensioni
jaje	uovo
signali	segnali
orijentacija	orientamento
krađa	furto
djetinjstvo	infanzia
simboli	simboli
lat	lat
meta	meta
analog	analogico
talenat	talento
datiran	datato
mudrost	saggezza
granica	confine
elita	elite
vojnik	gi
vjeruje	crede
pjesme	poesie
nadležnost	Giurisdizione
robot	robot
prikazivanje	visualizzazione
svjedok	testimone
opremljen	fornito
faze	stadi
sur	sur
stečena	acquisita
procijeniti	valutare
pranje	lavaggio
ulaz	Ingresso
izjava	dichiarazione
gubljenje	perdere
pokušaji	tentativi
plemenite	nobile
automatizacija	automazione
utjecaji	impatti
revolucija	rev
prednosti	vantaggi
vitez	cavaliere
ciljevi	obiettivi
ekstenzije	estensioni
žalbe	appelli
bolest	malattia
Ho	Ho
alternative	alternative
sh	sh
sapun	sapone
pekmez	marmellata
neuobičajen	insolito
odgovorio	risponde
razaranje	distruzione
migracija	migrazione
poremećaj	disturbo
konvencionalne	convenzionale
nošenje	indossare
os	asse
traži	ricercato
geni	geni
srednja	mediano
skener	scanner
ovdje	qui
animirani	animato
podešavanje	registrazione
junak	eroe
tretmani	trattamenti
stav	atteggiamento
tepih	tappeto
leće	lenti
prisustvovao	frequentato
teškoća	difficoltà
punk	punk
koalicija	coalizione
upis	iscrizione
vojvoda	duca
tempo	ritmo
proizvođači	produttori
luk	arco
sučelja	interfacce
atlas	atlante
zapažanje	osservazione
mučenje	tortura
izbrisana	cancellato
kaput	cappotto
obnova	restauro
pogodnost	convenienza
povratak	ritorno
opozicija	opposizione
kontejner	contenitore
tuženik	imputato
nadglednik	supervisore
korpus	corpo
glumci	attori
jetra	fegato
odgovoran	responsabile
peticija	petizione
antena	antenna
izabran	raccolto
vjerovanje	credenza
ubijanje	uccisione
rame	spalla
dekor	arredamento
ion	ione
promjer	diametro
podcast	Podcast
interakcije	interazioni
pjevač	cantante
glasnik	araldo
starenje	invecchiamento
intervencija	intervento
uključiti	collegare
privlačnost	attrazione
ronjenje	immersione
modifikacija	modifica
pretpostaviti	supporre
trska	canna
obuhvatiti	coinvolgere
umjeren	moderare
miševi	topi
razumjeti	inteso
brzo	rapidamente
zabrana	bandire
uvjerenje	garanzia
događa	avvenimento
ogroman	vasto
mlinovi	mulini
obris	contorno
prima	riceve
traperice	jeans
kompilacija	compilazione
neparan	dispari
sigma	sigma
gr	gr
atraktivan	attraente
prilika	occasione
snimke	registrazioni
žrtva	vittima
zahtjevi	richieste
pažljiv	attento
snop	fascio
vrtlarstvo	giardinaggio
obveze	obblighi
stići	arrivo
orkestar	orchestra
licenca	licenza
prilagodljiv	regolabile
namjena	assegnazione
esej	tema
pokazao	dimostrato
dijalog	dialogo
kampovi	campi
proglašen	dichiarato
trag	traccia
zatvoriti	chiuso
omot	confezioni
