arasında	di
için	a
içinde	in
için	per
olduğu	è
üzerinde	sopra
o	quella
tarafından	di
bu	Questo
ile	con
ben	io
sen	tu
o	esso
veya	o
olmak	essere
Hangi	siamo
en	a
herşey	tutti
var	avere
yeni	nuovo
Biz	noi
irade	volere
ev	casa
bize	noi
hakkında	di
Eğer	Se
sayfa	pagina
benim	mio
vardır	ha
arama	ricerca
ücretsiz	gratuito
fakat	ma
bizim	nostro
bir	uno
diğer	altro
yap	fare
bilgi	informazione
zaman	tempo
o	lui
hangi	quale
onların	loro
haber	notizia
kullanım	uso
Orada	Là
görmek	vedere
yani	così
kim	chi
ağ	web
Ayrıca	anche
almak	ottenere
pm	pm
görünüm	vista
c	c
e	e
ilk	primo
olmuştur	stato
olur	voluto
idi	erano
s	S
sevmek	piace
x	X
göre	di
bulmak	trova
fiyat	prezzo
geri	indietro
üst	superiore
insanlar	persone
vardı	aveva
liste	elenco
isim	nome
sadece	appena
yıl	anno
gün	giorno
içine	in
iki	Due
sağlık	Salute
n	n
yeniden	ri
Kullanılmış	Usato
gitmek	partire
b	B
son	ultimo
Yapmak	rendere
onları	loro
meli	dovrebbero
ürün	Prodotto
sistem	sistema
posta	inviare
ona	sua
Kent	città
t	t
politika	politica
numara	numero
destek	supporto
mesaj	Messaggio
sonra	dopo
sonra	poi
Ocak	gennaio
iyi	bene
d	d
nerede	dove
bilgi	Informazioni
haklar	diritti
kitaplar	libri
yüksek	alto
okul	scuola
m	m
her	ogni
bağlantılar	link
o	lei
yıl	anni
sipariş	ordine
çok	molto
kitap	libro
ürün	elementi
şirket	azienda
r	r
okumak	leggere
grup	gruppo
seks	sesso
çok	molti
kullanıcı	utente
de	de
set	impostato
genel	generale
Araştırma	ricerca
Üniversite	Università
Ocak	gennaio
posta	posta
tam	pieno
yorumlar	recensioni
program	programma
bilmek	conoscere
oyunlar	Giochi
yol	modo
günler	giorni
p	p
Bölüm	parte
could	poteva
harika	grande
birleşmiş	unito
gerçek	vero
f	f
Uluslararası	internazionale
merkez	centro
seyahat	viaggio
yorumlar	Commenti
yapılmış	fatto
gelişme	sviluppo
rapor	rapporto
üye	membro
ayrıntılar	dettagli
hat	linea
şartlar	condizioni
önce	prima
oteller	alberghi
did	fatto
göndermek	inviare
sağ	destra
tip	genere
yerel	Locale
bu	quelli
Sonuçlar	risultati
ofis	ufficio
Ulusal	nazionale
araba	auto
dizayn	design
almak	prendere
gönderildi	postato
adres	indirizzo
topluluk	Comunità
içinde	entro
devletler	stati
istemek	volere
telefon	Telefono
DVD	DVD
konu	soggetto
arasında	fra
forum	Forum
aile	famiglia
l	l
uzun	lungo
w	w
göstermek	mostrare
O	o
Üstelik	anche
siyah	nero
özel	speciale
indeks	indice
olmak	essere
KADIN	donne
çok	tanto
işaret	cartello
dosya	file
bağlantı	collegamento
açık	Aperto
güney	Sud
dava	Astuccio
proje	progetto
sayfalar	pagine
versiyon	versione
Bölüm	sezione
kendi	proprio
ev	Casa
güvenlik	sicurezza
g	g
kontluk	contea
Amerikan	americano
Fotoğraf	foto
oyun	gioco
üyeler	membri
güç	energia
ağ	Rete
bilgisayar	computer
sistemler	sistemi
üç	tre
yer	posto
son	fine
h	h
onu	lui
başına	per
erişim	accesso
düşünmek	pensare
kuzeyinde	nord
kaynaklar	risorse
şimdiki	attuale
büyük	grande
medya	media
kanun	legge
kontrol	controllo
Su	acqua
Tarihçe	storia
boyut	dimensione
kişisel	personale
kılavuz	guida
Dükkan	negozio
rehber	elenco
değişiklik	modificare
beyaz	bianca
Metin	testo
küçük	piccolo
değerlendirme	valutazione
oran	Vota
hükümet	governo
çocuklar	bambini
dönüş	ritorno
öğrencilerin	studenti
v	v
hesap	account
zamanlar	volte
seviye	livello
dijital	digitale
profil	profilo
önceki	precedente
form	modulo
olaylar	eventi
Aşk	amore
eski	vecchio
John	John
ana	principale
aramak	chiamata
görüntü	Immagine
Bölüm	Dipartimento
Başlık	titolo
olmayan	non
k	K
y	y
sigorta	assicurazione
acak	deve
özellik	proprietà
sınıf	classe
CD	CD
kalite	qualità
her	ogni
listeleme	listato
içerik	soddisfare
ülke	nazione
küçük	piccolo
araçlar	utensili
düşük	Basso
cevap	rispondere
müşteri	cliente
Aralık	dicembre
karşılaştırmak	confrontare
filmler	film
kolej	Università
değer	valore
makale	articolo
adam	uomo
Meslekler	lavori
j	j
Gıda	cibo
yazar	autore
farklı	diverso
u	u
öğrenmek	imparare
satış	saldi
baskı	stampare
kurs	corso
iş	lavoro
oda	camera
Stok	azione
Eğitim	formazione
çok	pure
kredi	credito
puan	punto
Bilim	scienza
erkekler	uomini
kategoriler	categorie
batı	ovest
bak	Guarda
ingilizce	Inglese
takım	squadra
arazi	tenuta
Kutu	scatola
koşullar	condizioni
fotoğraflar	fotografie
eşcinsel	gay
iplik	filo
kategori	categoria
Not	Nota
canlı	vivere
büyük	grande
galeri	galleria
tablo	tavolo
ancak	però
Haziran	giugno
Ekim	ottobre
Kasım	novembre
Market	mercato
kütüphane	biblioteca
aksiyon	azione
başla	inizio
dizi	serie
Özellikler	Caratteristiche
hava	aria
sanayi	industria
plan	Piano
insan	umano
Evet	sì
ikinci	secondo
Sıcak	caldo
maliyet	costo
film	film
forumlar	forum
Mart	marzo
la	la
Eylül	settembre
söylemek	dire
gidiyor	andando
tıbbi	medico
arkadaş	amico
Aralık	dicembre
sunucu	server
uygulama	applicazione
Personel	personale
oyun	giocare
sorunlar	problemi
Nisan	aprile
kullanıcılar	utenti
sokak	strada
konu	argomento
karşısında	contro
var	avuto
Blog	blog
Parti	festa
ödeme	pagamento
ekipman	attrezzatura
let	permettere
programlar	programmi
yasal	legale
son	recente
park	parco
davranmak	atto
sorun	problema
kırmızı	rosso
vermek	dare
bellek	memoria
performans	prestazione
sosyal	sociale
q	q
Öykü	storia
satmak	vendere
seçenekleri	opzioni
deneyim	Esperienza
anahtar	chiave
vücut	corpo
genç	giovane
önemli	importante
alan	campo
az	pochi
Doğu	est
tek	singolo
ii	ii
yaş	età
kulüp	club
örnek	esempio
kızlar	ragazze
z	z
yol	strada
hediye	regalo
soru	domanda
CA	circa
zor	difficile
ödeme	pagare
dört	quattro
poker	poker
konu	problema
menzil	gamma
bina	costruzione
satıcı	venditore
mahkeme	Tribunale
Şubat	febbraio
sonuç	risultato
ışık	leggero
yazmak	Scrivi
savaş	guerra
teklif	offrire
mavi	blu
gruplar	gruppi
ark	al
kolay	facile
verilmiş	dato
istek	richiesta
faks	fax
Çin	Cina
yapma	fabbricazione
resim	immagine
ihtiyaçlar	esigenze
mümkün	possibile
ay	mese
majör	maggiore
star	stella
gelecek	futuro
uzay	spazio
Kurul	Comitato
el	mano
Güneş	sole
kartları	carte
Londra	Londra
toplantı	incontro
olmak	diventare
çocuk	bambino
Tut	conservare
porno	porno
pay	Condividere
benzer	simile
Bahçe	giardino
okullar	scuole
milyon	milione
katma	aggiunto
referans	riferimento
şirketler	aziende
bebek	bambino
öğrenme	apprendimento
enerji	energia
koşmak	correre
teslim	consegna
popüler	popolare
terim	termine
film	film
hikayeleri	storie
koymak	mettere
dergi	rivista
raporlar	rapporti
ko	co
Deneyin	provare
Görüntüler	immagini
ihbar	Avviso
Allah	Dio
orijinal	originale
kafa	capo
radyo	Radio
hücre	cellula
konsey	consiglio
içerir	include
Izlemek	traccia
tartışma	discussione
Arşiv	archivio
diğerleri	altri
anlaşma	accordo
biçim	formato
toplum	società
ay	mesi
Emniyet	sicurezza
Arkadaş	amici
emin	sicuro
baskı	edizione
mesajları	messaggi
pazarlama	marketing
söylemek	raccontare
birleşme	associazione
sağlar	fornisce
eğlence	divertimento
zaten	già
yeşil	verde
çalışmalar	studi
kapat	vicino
ortak	Comune
özel	specifica
birkaç	parecchi
yaşam	vita
Toplamak	collezione
denilen	chiamato
kısa	corto
sanat	arti
çok	lotto
Sor	Chiedere
sınırlı	limitato
çözeltiler	soluzioni
yönetmen	direttore
plaj	spiaggia
geçmiş	passato
doğal	naturale
elektronik	elettronica
üzerine	su
dönem	periodo
planlama	pianificazione
diyor	dice
resmi	ufficiale
mar	mar
tamam	fatto
teknik	tecnico
pencere	finestra
profesyonel	professionista
bölge	regione
ada	isola
kayıt	disco
direkt	diretto
konferans	conferenza
kayıtlar	record
st	st
ilçe	quartiere
takvim	calendario
maliyetler	costi
stil	stile
Beyan	dichiarazione
mil	miglia
kaynak	risorsa
uygulamaları	applicazioni
belge	documento
sözcük	parola
Eserleri	lavori
malzeme	Materiale
fatura	conto
yazılı	scritto
kurallar	regole
nihai	finale
şey	cosa
merkez	centro
Gereksinimler	requisiti
DOĞRU	VERO
dakika	minuti
Başka	altro
işaret	marchio
Kaya	roccia
kötü	cattivo
bireysel	individuale
artı	più
Oto	auto
kapak	copertina
Düzenle	modificare
birlikte	insieme
videolar	video
hızlı	veloce
fonksiyon	funzione
gerçek	fatto
alma	ottenere
global	globale
teknoloji	Tech
karşılamak	incontrare
uzak	lontano
ekonomik	economico
tr	it
oyuncu	giocatore
projeler	progetti
Miktar	quantità
izlemek	orologio
dahil	incluso
hissetmek	sentire
banka	banca
risk	rischio
fırsatlar	offerte
çeşitli	vario
kelimeler	parole
üretim	produzione
ticari	commerciale
ağırlık	peso
kalp	cuore
tedavi	trattamento
makas	punti
bilgi	conoscenza
dergi	rivista
hata	errore
kamera	telecamera
kız	ragazza
inşaat	costruzione
oyuncaklar	giocattoli
kayıtlı	registrato
domain	dominio
yöntemleri	metodi
bölüm	capitolo
koruma	protezione
politikaları	politiche
geniş	largo
güzellik	bellezza
müdür	manager
Hindistan	India
pozisyon	posizione
alınmış	prese
çeşit	ordinare
listeleri	annunci
bilinen	conosciuto
yarım	metà
vakalar	casi
adım	passo
mühendislik	ingegneria
basit	semplice
hızlı	Presto
lisans	licenza
göl	lago
bütün	totale
yıllık	annuale
yayınlanan	pubblicato
kilise	Chiesa
yöntem	metodo
aktif	attivo
tepki	risposta
şekil	figura
malzemeler	materiale
yeterli	abbastanza
tasarlanmış	progettato
arasında	tra
ölüm	Morte
kayıp	perdita
yüz	viso
marka	marca
indirim	sconto
Etkileri	effetti
oluşturulan	creato
standartlar	norme
bit	po
siyasi	politico
krallık	regno
baz	base
iş	fare
krediler	prestiti
ayakkabı	scarpe
giriş	iscrizione
kalmak	restare
emirler	ordini
kullanılabilirlik	disponibilità
özet	sommario
dönüş	turno
büyüme	crescita
Ajans	agenzia
kral	re
Avrupa	europeo
aktivite	attività
kopya	copia
batı	occidentale
Kuvvet	vigore
iş	occupazione
Defne	baia
nehir	fiume
komisyon	commissione
paket	pacchetto
görüldü	visto
oyuncu	Giocatori
motor	motore
Liman	porta
albüm	album
bölgesel	regionale
durdurmak	Stop
başladı	iniziato
yönetim	amministrazione
bar	bar
enstitü	istituto
görünümler	visualizzazioni
çift	Doppio
köpek	cane
yakında	presto
hatlar	Linee
elektronik	elettronico
faydaları	benefici
gerekli	necessaria
yazıcı	stampante
şart	condizione
etkili	efficace
inanmak	credere
organizasyon	organizzazione
Efekt	effetto
us	mente
seçim	selezione
kumarhane	casinò
pdf	PDF
tur	giro
çapraz	attraversare
umut	speranza
şirket	società
dilek	desiderio
çözüm	soluzione
olgun	maturo
rol	ruolo
haftalar	settimane
belli	certo
alt	inferiore
gerekli	necessario
Birlik	unione
Pazartesi	mon
com	com
belirli	particolare
ince	bene
saat	ora
gaz	gas
becerileri	abilità
altı	sei
çalı	cespuglio
adaları	isole
tavsiye	consigli
kariyer	carriera
karar	decisione
ayrılmak	partire
önceden	pre
Kocaman	enorme
Kadın	donna
tesisler	strutture
teklif	offerta
orta	mezzo
kablo	cavo
fırsatlar	opportunità
alma	presa
değerler	valori
bölünme	divisione
gelecek	venuta
nesne	oggetto
lezbiyen	lesbica
uygun	adeguata
makine	macchina
logo	logo
uzunluk	lunghezza
Güzel	simpatico
Gol	Punto
istatistik	statistica
müşteri	cliente
Numune	campione
yatırım	investimento
gönderilen	inviato
gösterilen	mostrato
Noel	Natale
kültür	cultura
flaş	veloce
MS	Signorina
seçim	scelta
dersler	corsi
tüketici	consumatore
Merhaba	Ciao
yabancı	straniero
sanatçı	artista
mobilya	mobilia
kanal	canale
mektup	lettera
kip	modalità
telefonlar	telefoni
fikirler	idee
yapı	struttura
derece	grado
sözleşme	contrarre
Süper	super
erkek	maschio
madde	importa
neredeyse	quasi
bulunan	collocato
çoklu	multiplo
dağıtım	distribuzione
editör	editore
Han	Locanda
Sanayi	industriale
potansiyel	potenziale
şarkı	canzone
los	los
düşmek	autunno
Fikir	idea
Odalar	camere
iletişim	comunicazioni
kazanmak	vincere
birincil	primario
kanser	cancro
sayılar	numeri
neden	ragionare
araç	strumento
bahar	primavera
vakıf	fondazione
Cevap	risposta
ses	voce
program	programma
evraklar	documenti
amaç	scopo
özellik	caratteristica
yatak	letto
geliyor	viene
polis	polizia
bağımsız	indipendente
yaklaşım	approccio
kahverengi	Marrone
fiziksel	fisico
Tepe	collina
haritalar	mappe
ambar	tenere
derecelendirme	giudizi
mutlu	contento
demirci	fabbro
gelişmiş	sviluppato
teşekkür	grazie
kasa	sicuro
benzersiz	unico
anket	sondaggio
önceki	precedente
telefon	telefono
spor	sport
hazır	pronto
hayvan	animale
kaynaklar	fonti
nüfus	popolazione
baba	papà
düzenli	regolare
güvenli	sicuro
operasyonlar	operazioni
basitçe	semplicemente
kanıt	prova
istasyon	stazione
anlama	capire
seçenek	opzione
vadi	valle
muhtemelen	probabilmente
deniz	mare
yayınlar	pubblicazioni
iyileştirmek	Migliorare
bağ	connessione
Yayımcı	editore
salon	sala
anti	anti
ağlar	reti
toprak	terra
ebeveyn	genitori
darbe	urto
Aktar	trasferimento
Giriş	introduzione
mutfak	cucina
kuvvetli	forte
düğün	nozze
özellikleri	proprietà
hastane	ospedale
zemin	terra
gemi	nave
Konaklama	alloggio
hastalık	malattia
mükemmel	eccellente
mükemmel	perfezionare
saç	capelli
fırsat	opportunità
malzeme	kit
klasik	classico
temel	base
komuta	comando
şehirler	città
ekspres	esprimere
ödül	premio
mesafe	distanza
ağaç	albero
değerlendirme	valutazione
duvar	parete
ilgili	coinvolti
el	EL
ekstra	extra
özellikle	particolarmente
bütçe	bilancio
kılavuzlar	guide
başarı	successo
maksimum	massimo
anne	mamma
operasyon	operazione
mevcut	esistente
oldukça	abbastanza
seçilmiş	selezionato
oğlan	ragazzo
restoranlar	ristoranti
güzel	bellissimo
uyarı	avvertimento
yerleri	posizioni
at	cavallo
oy	votazione
Çiçekler	fiori
yıldızlar	stelle
listeleri	liste
sahip	proprietario
hayvanlar	animali
yolları	modi
oğul	figlio
sağlama	fornitura
kural	regola
Konut	alloggiamento
alır	prende
getirmek	portare
katalog	Catalogare
maksimum	max
anne	madre
yetki	autorità
söyledi	detto
program	programma
katıldı	Iscritto
giriş	ingresso
strateji	strategia
ayaklar	piedi
ajan	agente
geçerli	valido
modern	moderno
kıdemli	anziano
seksi	sexy
öğretim	insegnamento
kapı	porta
büyük	grande
Deneme	prova
birimler	unità
güzel	freddo
normal	normale
kuruluş	impresa
gemiler	navi
tüm	intero
pozitif	positivo
Fitness	fitness
Çince	Cinese
görüş	opinione
Futbol	calcio
soyut	astratto
çıktı	produzione
para	fondi
Bay	Sig
muhtemelen	probabile
geliştirmek	sviluppare
sanatçılar	artisti
alternatif	alternativa
sorumluluk	responsabilità
java	Giava
konuk	ospite
yayın	pubblicazione
pas	passaggio
ilişkiler	relazioni
güven	fiducia
kamyonet	furgone
içeren	contiene
çok	Multi
cumhuriyet	repubblica
harç	tasse
bileşenler	componenti
tatil	vacanza
yüzyıl	secolo
akademik	accademico
yardım	assistenza
tamamlanan	completato
cilt	pelle
grafik	grafica
Hintli	indiano
halka	squillare
sınıf	grado
dağ	montagna
organizasyonlar	organizzazioni
filtre	filtro
panel	pannello
zemin	pavimento
alış	acquisto
maç	incontro
önerilen	proposto
gerektirir	richiedere
çocuklar	ragazzi
sabah	mattina
verir	consente
protein	proteina
bitki	pianta
rapor	segnalati
vurmak	colpire
aa	mm
havuz	piscina
mini	mini
siyaset	politica
ortak	compagno
yazarlar	autori
panoları	tavole
balık	pesce
üyelik	membri
misyon	missione
göz	occhio
sicim	stringa
duyu	senso
değiştirilmiş	modificata
yayınlandı	rilasciato
evre	palcoscenico
iç	interno
doğmuş	Nato
detaylı	dettagliato
