arasında	of
için	että
içinde	sisään
için	varten
olduğu	on
üzerinde	päällä
o	että
tarafından	mennessä
bu	Tämä
ile	kanssa
ben	minä
sen	sinä
o	se
veya	tai
olmak	olla
Hangi	olemme
en	at
herşey	kaikki
var	omistaa
yeni	Uusi
Biz	me
irade	tahtoa
ev	Koti
bize	meille
hakkında	noin
Eğer	jos
sayfa	sivu
benim	minun
vardır	on
arama	Hae
ücretsiz	vapaa
fakat	mutta
bizim	meidän
bir	yksi
diğer	muut
yap	tehdä
bilgi	tiedot
zaman	aika
o	hän
hangi	joka
onların	heidän
haber	uutiset
kullanım	käyttää
Orada	siellä
görmek	nähdä
yani	niin
kim	Kuka
ağ	verkko
Ayrıca	myös
almak	saada
pm	pm
görünüm	näkymä
c	C
e	e
ilk	ensimmäinen
olmuştur	ollut
olur	olisi
idi	olivat
s	s
sevmek	Kuten
x	x
göre	kuin
bulmak	löytö
fiyat	hinta
geri	takaisin
üst	ylin
insanlar	ihmiset
vardı	oli
liste	lista
isim	nimi
sadece	vain
yıl	vuosi
gün	päivä
içine	osaksi
iki	kaksi
sağlık	terveys
n	n
yeniden	re
Kullanılmış	käytetty
gitmek	mennä
b	b
son	kestää
Yapmak	tehdä
onları	niitä
meli	pitäisi
ürün	tuote
sistem	järjestelmä
posta	lähettää
ona	hänen
Kent	kaupunki
t	T
politika	politiikka
numara	määrä
destek	tuki
mesaj	viesti
sonra	jälkeen
sonra	sitten
Ocak	tammikuu
iyi	hyvä
d	d
nerede	missä
bilgi	tiedot
haklar	oikeudet
kitaplar	kirjat
yüksek	korkea
okul	koulu
m	m
her	kukin
bağlantılar	linkit
o	hän
yıl	vuotta
sipariş	tilata
çok	erittäin
kitap	kirja
ürün	kohdetta
şirket	yhtiö
r	R
okumak	lukea
grup	ryhmä
seks	sukupuoli
çok	monet
kullanıcı	käyttäjä
de	de
set	sarja
genel	yleinen
Araştırma	tutkimus
Üniversite	yliopisto
Ocak	tammikuu
posta	posti
tam	koko
yorumlar	arvostelut
program	ohjelmoida
bilmek	tietää
oyunlar	pelit
yol	tapa
günler	päivää
p	p
Bölüm	osa
could	voisi
harika	loistava
birleşmiş	yhdistynyt
gerçek	todellinen
f	f
Uluslararası	kansainvälinen
merkez	keskusta
seyahat	matkustaa
yorumlar	kommentit
yapılmış	tehty
gelişme	kehitys
rapor	raportti
üye	jäsen
ayrıntılar	yksityiskohdat
hat	linja
şartlar	ehdot
önce	ennen
oteller	hotellit
did	teki
göndermek	lähettää
sağ	oikea
tip	tyyppi
yerel	paikallinen
bu	nuo
Sonuçlar	tulokset
ofis	toimisto
Ulusal	kansallinen
araba	auto
dizayn	design
almak	ottaa
gönderildi	lähetetty
adres	osoite
topluluk	Yhteisö
içinde	sisällä
devletler	valtiot
istemek	haluta
telefon	puhelin
DVD	DVD
konu	aihe
arasında	välillä
forum	foorumi
aile	perhe
l	l
uzun	pitkä
w	w
göstermek	show
O	O
Üstelik	jopa
siyah	musta
özel	erityinen
indeks	indeksi
olmak	ollessa
KADIN	naiset
çok	paljon
işaret	merkki
dosya	tiedosto
bağlantı	linkki
açık	avata
güney	etelä
dava	tapaus
proje	projekti
sayfalar	sivut
versiyon	versio
Bölüm	jakso
kendi	oma
ev	talo
güvenlik	turvallisuus
g	g
kontluk	lääni
Amerikan	amerikkalainen
Fotoğraf	kuva
oyun	peli
üyeler	jäsenet
güç	teho
ağ	verkko
bilgisayar	tietokone
sistemler	järjestelmät
üç	kolme
yer	paikka
son	pää
h	h
onu	häntä
başına	kohti
erişim	pääsy
düşünmek	ajatella
kuzeyinde	pohjoinen
kaynaklar	voimavarat
şimdiki	nykyinen
büyük	iso
medya	tiedotusvälineet
kanun	laki
kontrol	ohjaus
Su	vesi
Tarihçe	historia
boyut	koko
kişisel	henkilökohtainen
kılavuz	opas
Dükkan	myymälä
rehber	hakemisto
değişiklik	muuttaa
beyaz	valkoinen
Metin	teksti
küçük	pieni
değerlendirme	luokitus
oran	nopeus
hükümet	hallitus
çocuklar	lapset
dönüş	palata
öğrencilerin	opiskelijoille
v	v
hesap	tili
zamanlar	ajat
seviye	taso
dijital	digitaalinen
profil	profiili
önceki	Edellinen
form	muoto
olaylar	Tapahtumat
Aşk	rakkaus
eski	vanha
John	Johannes
ana	tärkein
aramak	puhelu
görüntü	kuva
Bölüm	osasto
Başlık	otsikko
olmayan	ei
k	K
y	y
sigorta	vakuutus
acak	on
özellik	omaisuus
sınıf	luokka
CD	CD
kalite	laatu
her	joka
listeleme	listaus
içerik	pitoisuus
ülke	maa
küçük	vähän
araçlar	Työkalut
düşük	matala
cevap	Vastaa
müşteri	asiakas
Aralık	joulukuu
karşılaştırmak	vertailla
filmler	elokuvat
kolej	college
değer	arvo
makale	artikla
adam	mies
Meslekler	työpaikkaa
j	j
Gıda	ruoka
yazar	kirjailija
farklı	eri
u	U
öğrenmek	oppia
satış	myynti
baskı	Tulosta
kurs	kurssi
iş	Job
oda	huone
Stok	kalusto
Eğitim	koulutus
çok	liian
kredi	luotto
puan	kohta
Bilim	tiede
erkekler	miehet
kategoriler	luokat
batı	länsi
bak	Katso
ingilizce	Englanti
takım	tiimi
arazi	omaisuus
Kutu	laatikko
koşullar	olosuhteet
fotoğraflar	Valokuvat
eşcinsel	homo
iplik	lanka
kategori	kategoria
Not	Huomautus
canlı	elää
büyük	suuri
galeri	galleria
tablo	pöytä
ancak	kuitenkin
Haziran	kesäkuu
Ekim	lokakuu
Kasım	marraskuu
Market	markkinoida
kütüphane	kirjasto
aksiyon	toiminta
başla	alkaa
dizi	sarja
Özellikler	ominaisuudet
hava	ilma
sanayi	ala
plan	suunnitelma
insan	ihmisen
Evet	Joo
ikinci	toinen
Sıcak	kuuma
maliyet	kustannus
film	elokuva
forumlar	foorumit
Mart	maaliskuu
la	la
Eylül	syyskuu
söylemek	sanoa
gidiyor	menossa
tıbbi	lääketieteellinen
arkadaş	ystävä
Aralık	joulukuu
sunucu	palvelin
uygulama	hakemus
Personel	henkilöstö
oyun	pelata
sorunlar	kysymykset
Nisan	huhtikuu
kullanıcılar	käyttäjät
sokak	katu
konu	aihe
karşısında	vastaan
var	sai
Blog	blogi
Parti	juhla
ödeme	maksu
ekipman	laitteet
let	antaa
programlar	ohjelmat
yasal	oikeudellinen
son	viimeaikainen
park	pysäköidä
davranmak	toimia
sorun	ongelma
kırmızı	punainen
vermek	antaa
bellek	muisti
performans	esitys
sosyal	sosiaalinen
q	q
Öykü	tarina
satmak	myydä
seçenekleri	vaihtoehtoja
deneyim	kokea
anahtar	avain
vücut	ruumis
genç	nuori
önemli	tärkeä
alan	ala
az	harvat
Doğu	itään
tek	yksittäinen
ii	ii
yaş	ikä
kulüp	klubi
örnek	esimerkki
kızlar	tytöt
z	z
yol	tie
hediye	lahja
soru	kysymys
CA	ca
zor	kova
ödeme	maksaa
dört	neljä
poker	pokeri
konu	ongelma
menzil	alue
bina	rakennus
satıcı	myyjä
mahkeme	tuomioistuin
Şubat	helmikuu
sonuç	tulos
ışık	valo
yazmak	kirjoittaa
savaş	sota
teklif	tarjous
mavi	sininen
gruplar	ryhmät
ark	ai
kolay	helppo
verilmiş	tietty
istek	pyyntö
faks	faksi
Çin	Kiina
yapma	tehdä
resim	kuva
ihtiyaçlar	tarpeisiin
mümkün	mahdollinen
ay	kuukausi
majör	suuri
star	tähti
gelecek	tulevaisuus
uzay	tila
Kurul	komitea
el	käsi
Güneş	aurinko
kartları	kortit
Londra	Lontoo
toplantı	tapaaminen
olmak	tulla
çocuk	lapsi
Tut	pitää
porno	porno
pay	Jaa
benzer	samankaltainen
Bahçe	puutarha
okullar	koulut
milyon	miljoona
katma	lisättyä
referans	viite
şirketler	yritykset
bebek	vauva
öğrenme	oppiminen
enerji	energia
koşmak	juosta
teslim	toimitus
popüler	suosittu
terim	termi
film	elokuva
hikayeleri	tarinoita
koymak	laittaa
dergi	päiväkirja
raporlar	raporttien
ko	co
Deneyin	yrittää
Görüntüler	kuvien
ihbar	ilmoitus
Allah	Jumala
orijinal	alkuperäinen
kafa	pää
radyo	radio
hücre	solu
konsey	neuvosto
içerir	sisältää
Izlemek	seurata
tartışma	keskustelu
Arşiv	arkisto
diğerleri	toiset
anlaşma	sopimus
biçim	muoto
toplum	yhteiskunta
ay	kuukaudet
Emniyet	turvallisuus
Arkadaş	ystävät
emin	varma
baskı	painos
mesajları	viestien
pazarlama	markkinointi
söylemek	kertoa
birleşme	yhdistys
sağlar	tarjoaa
eğlence	hauska
zaten	jo
yeşil	vihreä
çalışmalar	opinnot
kapat	kiinni
ortak	yhteinen
özel	erityinen
birkaç	useat
yaşam	elävä
Toplamak	kokoelma
denilen	nimeltään
kısa	lyhyt
sanat	arts
çok	erä
Sor	kysyä
sınırlı	rajallinen
çözeltiler	ratkaisut
yönetmen	johtaja
plaj	ranta
geçmiş	menneisyys
doğal	luonnollinen
elektronik	elektroniikka
üzerine	päälle
dönem	aika
planlama	suunnittelu
diyor	sanoo
resmi	virallinen
mar	maaliskuu
tamam	tehty
teknik	tekninen
pencere	ikkuna
profesyonel	ammattilainen
bölge	alue
ada	saari
kayıt	ennätys
direkt	suoraan
konferans	konferenssi
kayıtlar	asiakirjat
st	st
ilçe	piiri
takvim	kalenteri
maliyetler	kustannukset
stil	tyyli
Beyan	selvitys
mil	mailia
kaynak	resurssi
uygulamaları	sovellukset
belge	asiakirja
sözcük	sana
Eserleri	teokset
malzeme	materiaali
fatura	laskuttaa
yazılı	kirjallinen
kurallar	säännöt
nihai	lopullinen
şey	asia
merkez	keskusta
Gereksinimler	vaatimuksista
DOĞRU	TOTTA
dakika	minuutit
Başka	muu
işaret	merkki
Kaya	rock
kötü	huono
bireysel	yksilö
artı	plus
Oto	auto
kapak	peite
Düzenle	muokata
birlikte	yhdessä
videolar	Videot
hızlı	nopeasti
fonksiyon	toiminto
gerçek	tosiasia
alma	saada
global	maailmanlaajuinen
teknoloji	teknologia
karşılamak	tavata
uzak	pitkälle
ekonomik	taloudellinen
tr	fi
oyuncu	pelaaja
projeler	hankkeet
Miktar	määrä
izlemek	katsella
dahil	Sisältää
hissetmek	tuntea
banka	pankki
risk	riski
fırsatlar	tarjoukset
çeşitli	eri
kelimeler	sanat
üretim	tuotanto
ticari	kaupallinen
ağırlık	paino
kalp	sydän
tedavi	hoito
makas	pistettä
bilgi	tuntemus
dergi	aikakauslehti
hata	virhe
kamera	kamera
kız	tyttö
inşaat	rakentaminen
oyuncaklar	lelut
kayıtlı	kirjattu
domain	verkkotunnuksen
yöntemleri	menetelmät
bölüm	luku
koruma	suojaus
politikaları	politiikkaa
geniş	leveä
güzellik	kauneus
müdür	johtaja
Hindistan	Intia
pozisyon	asento
alınmış	otettu
çeşit	järjestellä
listeleri	listat
bilinen	tunnettu
yarım	puoli
vakalar	tapauksissa
adım	vaihe
mühendislik	tekniikka
basit	yksinkertainen
hızlı	nopea
lisans	lisenssi
göl	järvi
bütün	koko
yıllık	vuotuinen
yayınlanan	julkaistu
kilise	kirkko
yöntem	menetelmä
aktif	aktiivinen
tepki	vastaus
şekil	kuva
malzemeler	tarvikkeet
yeterli	tarpeeksi
tasarlanmış	suunnitellut
arasında	keskuudessa
ölüm	kuolema
kayıp	menetys
yüz	kasvot
marka	brändi
indirim	alennus
Etkileri	tehosteet
oluşturulan	luotu
standartlar	standardit
bit	bitti
siyasi	poliittinen
krallık	kuningaskunta
baz	pohja
iş	tekemässä
krediler	lainat
ayakkabı	kengät
giriş	merkintä
kalmak	pysyä
emirler	tilaukset
kullanılabilirlik	saatavuus
özet	yhteenveto
dönüş	vuoro
büyüme	kasvu
Ajans	toimisto
kral	kuningas
Avrupa	eurooppalainen
aktivite	aktiviteetti
kopya	kopio
batı	Läntinen
Kuvvet	pakottaa
iş	työllisyys
Defne	lahti
nehir	joki
komisyon	komissio
paket	paketti
görüldü	nähdään
oyuncu	pelaajat
motor	moottori
Liman	portti
albüm	albumi
bölgesel	alueellinen
durdurmak	Stop
başladı	aloitti
yönetim	antaminen
bar	baari
enstitü	instituutti
görünümler	näkymät
çift	kaksinkertainen
köpek	koira
yakında	pian
hatlar	linjat
elektronik	elektroninen
faydaları	hyötyjä
gerekli	tarvittu
yazıcı	kirjoitin
şart	kunto
etkili	tehokas
inanmak	uskoa
organizasyon	organisaatio
Efekt	vaikutus
us	mieli
seçim	valinta
kumarhane	kasino
pdf	PDF
tur	kiertue
çapraz	ylittää
umut	toivoa
şirket	yhtiö
dilek	toive
çözüm	ratkaisu
olgun	kypsä
rol	rooli
haftalar	viikkoa
belli	tietty
alt	alempi
gerekli	välttämätön
Birlik	liitto
Pazartesi	mon
com	com
belirli	tietty
ince	hieno
saat	tunnin
gaz	kaasu
becerileri	taidot
altı	kuusi
çalı	Puska
adaları	saaret
tavsiye	neuvot
kariyer	ura
karar	päätös
ayrılmak	jättää
önceden	pre
Kocaman	valtava
Kadın	nainen
tesisler	laitteisto
teklif	tarjous
orta	keskimmäinen
kablo	kaapeli
fırsatlar	mahdollisuudet
alma	ottaen
değerler	arvot
bölünme	jako
gelecek	tuleva
nesne	esine
lezbiyen	lesbo
uygun	sopiva
makine	kone
logo	logo
uzunluk	pituus
Güzel	kiva
Gol	pisteet
istatistik	tilasto
müşteri	asiakas
Numune	näyte
yatırım	investointi
gönderilen	lähetetty
gösterilen	esitetty
Noel	joulu
kültür	kulttuuri
flaş	salama
MS	neiti
seçim	valinta
dersler	kurssit
tüketici	kuluttaja
Merhaba	Moi
yabancı	ulkomainen
sanatçı	taiteilija
mobilya	huonekalut
kanal	kanava
mektup	kirje
kip	tila
telefonlar	puhelimet
fikirler	ideoita
yapı	rakenne
derece	aste
sözleşme	sopimus
Süper	Super
erkek	Uros
madde	asia
neredeyse	melkein
bulunan	sijaitsevat
çoklu	moninkertainen
dağıtım	jakelu
editör	toimittaja
Han	majatalo
Sanayi	teollinen
potansiyel	mahdollinen
şarkı	laulu
los	los
düşmek	pudota
Fikir	ajatus
Odalar	Huoneet
iletişim	viestintä
kazanmak	voittaa
birincil	ensisijainen
kanser	syöpä
sayılar	numerot
neden	syy
araç	työkalu
bahar	kevät
vakıf	perusta
Cevap	vastaus
ses	ääni
program	ajoittaa
evraklar	asiakirjat
amaç	tarkoitus
özellik	ominaisuus
yatak	sänky
geliyor	tulee
polis	Poliisi
bağımsız	itsenäinen
yaklaşım	lähestyä
kahverengi	ruskea
fiziksel	fyysinen
Tepe	mäki
haritalar	kartat
ambar	pitää
derecelendirme	luokitukset
mutlu	onnellinen
demirci	seppä
gelişmiş	kehittyneillä
teşekkür	kiittää
kasa	turvallinen
benzersiz	ainutlaatuinen
anket	tutkimus
önceki	ennen
telefon	puhelin
spor	Urheilu
hazır	valmis
hayvan	eläin
kaynaklar	lähteet
nüfus	väestö
baba	pa
düzenli	säännöllinen
güvenli	turvallinen
operasyonlar	toiminnot
basitçe	yksinkertaisesti
kanıt	näyttö
istasyon	asema
anlama	ymmärtää
seçenek	vaihtoehto
vadi	laakso
muhtemelen	todennäköisesti
deniz	meri
yayınlar	Julkaisut
iyileştirmek	parantaa
bağ	yhteys
Yayımcı	kustantaja
salon	sali
anti	anti
ağlar	verkot
toprak	maa
ebeveyn	vanhemmat
darbe	vaikutus
Aktar	siirtää
Giriş	esittely
mutfak	keittiö
kuvvetli	vahva
düğün	häät
özellikleri	ominaisuudet
hastane	sairaala
zemin	maa
gemi	alus
Konaklama	majoitus
hastalık	tauti
mükemmel	erinomainen
mükemmel	täydellinen
saç	hiukset
fırsat	tilaisuus
malzeme	pakki
klasik	klassikko
temel	perusta
komuta	komento
şehirler	kaupungit
ekspres	ilmaista
ödül	myöntää
mesafe	etäisyys
ağaç	puu
değerlendirme	arviointi
duvar	seinä
ilgili	osallistuva
el	el
ekstra	ylimääräinen
özellikle	erityisesti
bütçe	talousarvio
kılavuzlar	oppaita
başarı	menestys
maksimum	enimmäismäärä
anne	äiti
operasyon	operaatio
mevcut	nykyinen
oldukça	melko
seçilmiş	valittu
oğlan	poika
restoranlar	ravintolat
güzel	kaunis
uyarı	Varoitus
yerleri	sijainnit
at	hevonen
oy	äänestys
Çiçekler	kukat
yıldızlar	tähdet
listeleri	luettelot
sahip	omistaja
hayvanlar	eläimet
yolları	tapoja
oğul	poika
sağlama	tarjoaminen
kural	sääntö
Konut	kotelo
alır	kestää
getirmek	tuoda
katalog	luettelo
maksimum	max
anne	äiti
yetki	auktoriteetti
söyledi	kertoi
program	ohjelmoida
katıldı	liittyi
giriş	panos
strateji	strategia
ayaklar	jalkaa
ajan	agentti
geçerli	pätevä
modern	moderni
kıdemli	vanhempi
seksi	seksikäs
öğretim	opetus
kapı	ovi
büyük	suuri
Deneme	oikeudenkäynti
birimler	yksiköt
güzel	viileä
normal	normaali
kuruluş	yritys
gemiler	laivat
tüm	koko
pozitif	positiivinen
Fitness	kunto
Çince	Kiinalainen
görüş	lausunto
Futbol	jalkapallo
soyut	abstrakti
çıktı	ulostulo
para	varat
Bay	Herra
muhtemelen	todennäköisesti
geliştirmek	kehittää
sanatçılar	Taiteilijat
alternatif	vaihtoehto
sorumluluk	vastuu
java	Jaava
konuk	vieras
yayın	julkaisu
pas	kulkea
ilişkiler	suhteet
güven	luottamus
kamyonet	pakettiauto
içeren	sisältää
çok	multi
cumhuriyet	tasavalta
harç	palkkiot
bileşenler	komponentit
tatil	loma
yüzyıl	vuosisata
akademik	akateeminen
yardım	apu
tamamlanan	valmistunut
cilt	iho
grafik	grafiikka
Hintli	intialainen
halka	rengas
sınıf	arvosana
dağ	vuori
organizasyonlar	organisaatioiden
filtre	suodattaa
panel	paneeli
zemin	lattia
alış	ostaminen
maç	ottelu
önerilen	ehdotettu
gerektirir	vaatia
çocuklar	pojat
sabah	aamu
verir	sallii
protein	proteiini
bitki	kasvi
rapor	raportoitu
vurmak	osuma
aa	mm
havuz	pool
mini	mini
siyaset	politiikka
ortak	kumppani
yazarlar	kirjoittajat
panoları	levyt
balık	kalastaa
üyelik	jäsenyys
misyon	tehtävä
göz	silmä
sicim	jono
duyu	tunne
değiştirilmiş	muokattu
yayınlandı	julkaisi
evre	vaihe
iç	sisäinen
doğmuş	syntynyt
detaylı	yksityiskohtainen
